Date,Zone_No,Zone_Name,Confirmed_cases,Recovered,Hospitalized,Deceased
 2020-03-29,I,THIRUVOTTIYUR,0,0,0,0
 2020-03-29,II,MANALI,0,0,0,0
 2020-03-29,III,MADHAVARAM,0,0,0,0
 2020-03-29,IV,TONDIARPET,0,0,0,0
 2020-03-29,V,ROYAPURAM,0,0,0,0
 2020-03-29,VI,THIRU VI KA NAGAR,0,0,0,0
 2020-03-29,VII,AMBATTUR,0,0,0,0
 2020-03-29,VIII,ANNA NAGAR,5,0,5,0
 2020-03-29,IX,TEYNAMPET,1,0,1,0
 2020-03-29,X,KODAMBAKKAM,5,0,5,0
 2020-03-29,XI,VALASARAVAKKAM,2,0,2,0
 2020-03-29,XII,ALANDUR,1,0,1,0
 2020-03-29,XIII,ADYAR,1,0,1,0
 2020-03-29,XIV,PERUNGUDI,0,0,0,0
 2020-03-29,XV,SOZHINGANALLUR,0,0,0,0
 2020-04-03,I,THIRUVOTTIYUR,2,0,2,0
 2020-04-03,II,MANALI,0,0,0,0
 2020-04-03,III,MADHAVARAM,0,0,0,0
 2020-04-03,IV,TONDIARPET,5,0,5,0
 2020-04-03,V,ROYAPURAM,10,0,10,0
 2020-04-03,VI,THIRU VI KA NAGAR,1,0,1,0
 2020-04-03,VII,AMBATTUR,0,0,0,0
 2020-04-03,VIII,ANNA NAGAR,7,0,7,0
 2020-04-03,IX,TEYNAMPET,4,0,4,0
 2020-04-03,X,KODAMBAKKAM,6,0,6,0
 2020-04-03,XI,VALASARAVAKKAM,2,0,2,0
 2020-04-03,XII,ALANDUR,1,0,1,0
 2020-04-03,XIII,ADYAR,2,0,2,0
 2020-04-03,XIV,PERUNGUDI,3,0,3,0
 2020-04-03,XV,SOZHINGANALLUR,1,0,1,0
 2020-04-06,I,THIRUVOTTIYUR,3,0,3,0
 2020-04-06,II,MANALI,0,0,0,0
 2020-04-06,III,MADHAVARAM,3,0,3,0
 2020-04-06,IV,TONDIARPET,7,0,7,0
 2020-04-06,V,ROYAPURAM,27,0,27,0
 2020-04-06,VI,THIRU VI KA NAGAR,14,0,14,0
 2020-04-06,VII,AMBATTUR,0,0,0,0
 2020-04-06,VIII,ANNA NAGAR,14,0,14,0
 2020-04-06,IX,TEYNAMPET,10,0,10,0
 2020-04-06,X,KODAMBAKKAM,12,0,12,0
 2020-04-06,XI,VALASARAVAKKAM,4,0,4,0
 2020-04-06,XII,ALANDUR,2,0,2,0
 2020-04-06,XIII,ADYAR,3,0,3,0
 2020-04-06,XIV,PERUNGUDI,4,0,4,0
 2020-04-06,XV,SOZHINGANALLUR,2,0,2,0
 2020-04-07,I,THIRUVOTTIYUR,4,0,4,0
 2020-04-07,II,MANALI,0,0,0,0
 2020-04-07,III,MADHAVARAM,3,0,3,0
 2020-04-07,IV,TONDIARPET,12,0,12,0
 2020-04-07,V,ROYAPURAM,40,0,40,0
 2020-04-07,VI,THIRU VI KA NAGAR,22,0,22,0
 2020-04-07,VII,AMBATTUR,0,0,0,0
 2020-04-07,VIII,ANNA NAGAR,15,0,15,0
 2020-04-07,IX,TEYNAMPET,11,0,11,0
 2020-04-07,X,KODAMBAKKAM,19,0,19,0
 2020-04-07,XI,VALASARAVAKKAM,4,0,4,0
 2020-04-07,XII,ALANDUR,2,0,2,0
 2020-04-07,XIII,ADYAR,4,0,4,0
 2020-04-07,XIV,PERUNGUDI,5,0,5,0
 2020-04-07,XV,SOZHINGANALLUR,2,0,2,0
 2020-04-08,I,THIRUVOTTIYUR,4,0,4,0
 2020-04-08,II,MANALI,0,0,0,0
 2020-04-08,III,MADHAVARAM,3,0,3,0
 2020-04-08,IV,TONDIARPET,13,0,13,0
 2020-04-08,V,ROYAPURAM,43,0,43,0
 2020-04-08,VI,THIRU VI KA NAGAR,22,0,22,0
 2020-04-08,VII,AMBATTUR,0,0,0,0
 2020-04-08,VIII,ANNA NAGAR,19,0,19,0
 2020-04-08,IX,TEYNAMPET,11,0,11,0
 2020-04-08,X,KODAMBAKKAM,18,0,18,0
 2020-04-08,XI,VALASARAVAKKAM,4,0,4,0
 2020-04-08,XII,ALANDUR,2,0,2,0
 2020-04-08,XIII,ADYAR,4,0,4,0
 2020-04-08,XIV,PERUNGUDI,5,0,5,0
 2020-04-08,XV,SOZHINGANALLUR,2,0,2,0
 2020-04-09,I,THIRUVOTTIYUR,4,0,4,0
 2020-04-09,II,MANALI,0,0,0,0
 2020-04-09,III,MADHAVARAM,3,0,3,0
 2020-04-09,IV,TONDIARPET,14,0,14,0
 2020-04-09,V,ROYAPURAM,45,0,45,0
 2020-04-09,VI,THIRU VI KA NAGAR,24,0,24,0
 2020-04-09,VII,AMBATTUR,0,0,0,0
 2020-04-09,VIII,ANNA NAGAR,17,0,17,0
 2020-04-09,IX,TEYNAMPET,12,0,12,0
 2020-04-09,X,KODAMBAKKAM,19,0,19,0
 2020-04-09,XI,VALASARAVAKKAM,4,0,4,0
 2020-04-09,XII,ALANDUR,2,0,2,0
 2020-04-09,XIII,ADYAR,4,0,4,0
 2020-04-09,XIV,PERUNGUDI,6,0,6,0
 2020-04-09,XV,SOZHINGANALLUR,2,0,2,0
 2020-04-10,I,THIRUVOTTIYUR,4,0,4,0
 2020-04-10,II,MANALI,0,0,0,0
 2020-04-10,III,MADHAVARAM,3,0,3,0
 2020-04-10,IV,TONDIARPET,14,0,14,0
 2020-04-10,V,ROYAPURAM,46,0,46,0
 2020-04-10,VI,THIRU VI KA NAGAR,25,0,25,0
 2020-04-10,VII,AMBATTUR,0,0,0,0
 2020-04-10,VIII,ANNA NAGAR,22,0,22,0
 2020-04-10,IX,TEYNAMPET,12,0,12,0
 2020-04-10,X,KODAMBAKKAM,20,0,20,0
 2020-04-10,XI,VALASARAVAKKAM,4,0,4,0
 2020-04-10,XII,ALANDUR,2,0,2,0
 2020-04-10,XIII,ADYAR,4,0,4,0
 2020-04-10,XIV,PERUNGUDI,6,0,6,0
 2020-04-10,XV,SOZHINGANALLUR,2,0,2,0
 2020-04-11,I,THIRUVOTTIYUR,4,0,4,0
 2020-04-11,II,MANALI,0,0,0,0
 2020-04-11,III,MADHAVARAM,3,0,3,0
 2020-04-11,IV,TONDIARPET,14,0,14,0
 2020-04-11,V,ROYAPURAM,51,0,51,0
 2020-04-11,VI,THIRU VI KA NAGAR,25,0,25,0
 2020-04-11,VII,AMBATTUR,0,0,0,0
 2020-04-11,VIII,ANNA NAGAR,22,0,22,0
 2020-04-11,IX,TEYNAMPET,14,0,14,0
 2020-04-11,X,KODAMBAKKAM,21,0,21,0
 2020-04-11,XI,VALASARAVAKKAM,4,0,4,0
 2020-04-11,XII,ALANDUR,2,0,2,0
 2020-04-11,XIII,ADYAR,6,0,6,0
 2020-04-11,XIV,PERUNGUDI,6,0,6,0
 2020-04-11,XV,SOZHINGANALLUR,2,0,2,0
 2020-04-12,I,THIRUVOTTIYUR,4,0,4,0
 2020-04-12,II,MANALI,0,0,0,0
 2020-04-12,III,MADHAVARAM,3,0,3,0
 2020-04-12,IV,TONDIARPET,17,0,17,0
 2020-04-12,V,ROYAPURAM,63,0,63,0
 2020-04-12,VI,THIRU VI KA NAGAR,26,0,26,0
 2020-04-12,VII,AMBATTUR,0,0,0,0
 2020-04-12,VIII,ANNA NAGAR,22,0,22,0
 2020-04-12,IX,TEYNAMPET,14,0,14,0
 2020-04-12,X,KODAMBAKKAM,22,0,22,0
 2020-04-12,XI,VALASARAVAKKAM,4,0,4,0
 2020-04-12,XII,ALANDUR,2,0,2,0
 2020-04-12,XIII,ADYAR,6,0,6,0
 2020-04-12,XIV,PERUNGUDI,6,0,6,0
 2020-04-12,XV,SOZHINGANALLUR,2,0,2,0
 2020-04-13,I,THIRUVOTTIYUR,4,0,4,0
 2020-04-13,II,MANALI,0,0,0,0
 2020-04-13,III,MADHAVARAM,3,0,3,0
 2020-04-13,IV,TONDIARPET,17,0,17,0
 2020-04-13,V,ROYAPURAM,63,0,63,0
 2020-04-13,VI,THIRU VI KA NAGAR,26,0,26,0
 2020-04-13,VII,AMBATTUR,0,0,0,0
 2020-04-13,VIII,ANNA NAGAR,22,0,22,0
 2020-04-13,IX,TEYNAMPET,14,0,14,0
 2020-04-13,X,KODAMBAKKAM,22,0,22,0
 2020-04-13,XI,VALASARAVAKKAM,4,0,4,0
 2020-04-13,XII,ALANDUR,2,0,2,0
 2020-04-13,XIII,ADYAR,6,0,6,0
 2020-04-13,XIV,PERUNGUDI,6,0,6,0
 2020-04-13,XV,SOZHINGANALLUR,2,0,2,0
 2020-04-14,I,THIRUVOTTIYUR,4,0,4,0
 2020-04-14,II,MANALI,0,0,0,0
 2020-04-14,III,MADHAVARAM,3,0,3,0
 2020-04-14,IV,TONDIARPET,19,0,18,1
 2020-04-14,V,ROYAPURAM,63,1,59,3
 2020-04-14,VI,THIRU VI KA NAGAR,29,0,28,1
 2020-04-14,VII,AMBATTUR,0,0,0,0
 2020-04-14,VIII,ANNA NAGAR,22,7,15,0
 2020-04-14,IX,TEYNAMPET,15,1,15,0
 2020-04-14,X,KODAMBAKKAM,23,5,19,0
 2020-04-14,XI,VALASARAVAKKAM,5,2,3,0
 2020-04-14,XII,ALANDUR,2,1,2,0
 2020-04-14,XIII,ADYAR,7,1,6,0
 2020-04-14,XIV,PERUNGUDI,7,0,7,0
 2020-04-14,XV,SOZHINGANALLUR,2,0,2,0
 2020-04-15,I,THIRUVOTTIYUR,4,0,4,0
 2020-04-15,II,MANALI,0,0,0,0
 2020-04-15,III,MADHAVARAM,3,0,3,0
 2020-04-15,IV,TONDIARPET,19,0,19,1
 2020-04-15,V,ROYAPURAM,63,1,58,5
 2020-04-15,VI,THIRU VI KA NAGAR,30,0,30,1
 2020-04-15,VII,AMBATTUR,0,0,0,0
 2020-04-15,VIII,ANNA NAGAR,22,7,15,0
 2020-04-15,IX,TEYNAMPET,16,3,15,0
 2020-04-15,X,KODAMBAKKAM,24,5,19,0
 2020-04-15,XI,VALASARAVAKKAM,5,2,3,0
 2020-04-15,XII,ALANDUR,3,1,2,0
 2020-04-15,XIII,ADYAR,7,1,6,0
 2020-04-15,XIV,PERUNGUDI,7,0,7,0
 2020-04-15,XV,SOZHINGANALLUR,2,0,2,0
 2020-04-16,I,THIRUVOTTIYUR,4,0,4,0
 2020-04-16,II,MANALI,0,0,0,0
 2020-04-16,III,MADHAVARAM,3,0,3,0
 2020-04-16,IV,TONDIARPET,20,0,19,1
 2020-04-16,V,ROYAPURAM,65,1,59,5
 2020-04-16,VI,THIRU VI KA NAGAR,32,0,31,1
 2020-04-16,VII,AMBATTUR,0,0,0,0
 2020-04-16,VIII,ANNA NAGAR,23,7,16,0
 2020-04-16,IX,TEYNAMPET,19,2,17,0
 2020-04-16,X,KODAMBAKKAM,24,6,18,0
 2020-04-16,XI,VALASARAVAKKAM,5,2,3,0
 2020-04-16,XII,ALANDUR,3,1,2,0
 2020-04-16,XIII,ADYAR,7,1,6,0
 2020-04-16,XIV,PERUNGUDI,7,2,5,0
 2020-04-16,XV,SOZHINGANALLUR,2,1,1,0
 2020-04-17,I,THIRUVOTTIYUR,5,0,5,0
 2020-04-17,II,MANALI,0,0,0,0
 2020-04-17,III,MADHAVARAM,3,0,3,0
 2020-04-17,IV,TONDIARPET,20,0,19,1
 2020-04-17,V,ROYAPURAM,73,1,67,5
 2020-04-17,VI,THIRU VI KA NAGAR,33,0,31,1
 2020-04-17,VII,AMBATTUR,0,0,0,0
 2020-04-17,VIII,ANNA NAGAR,24,7,17,0
 2020-04-17,IX,TEYNAMPET,19,2,17,0
 2020-04-17,X,KODAMBAKKAM,26,6,20,0
 2020-04-17,XI,VALASARAVAKKAM,5,3,2,0
 2020-04-17,XII,ALANDUR,3,1,2,0
 2020-04-17,XIII,ADYAR,7,1,6,0
 2020-04-17,XIV,PERUNGUDI,7,2,5,0
 2020-04-17,XV,SOZHINGANALLUR,2,1,1,0
 2020-04-18,I,THIRUVOTTIYUR,5,0,5,0
 2020-04-18,II,MANALI,0,0,0,0
 2020-04-18,III,MADHAVARAM,3,2,1,0
 2020-04-18,IV,TONDIARPET,26,0,25,1
 2020-04-18,V,ROYAPURAM,73,12,56,5
 2020-04-18,VI,THIRU VI KA NAGAR,34,5,28,1
 2020-04-18,VII,AMBATTUR,0,0,0,0
 2020-04-18,VIII,ANNA NAGAR,24,10,14,0
 2020-04-18,IX,TEYNAMPET,19,6,13,0
 2020-04-18,X,KODAMBAKKAM,26,9,17,0
 2020-04-18,XI,VALASARAVAKKAM,5,3,2,0
 2020-04-18,XII,ALANDUR,3,1,2,0
 2020-04-18,XIII,ADYAR,7,2,5,0
 2020-04-18,XIV,PERUNGUDI,7,2,5,0
 2020-04-18,XV,SOZHINGANALLUR,2,1,1,0
 2020-04-19,I,THIRUVOTTIYUR,5,0,5,0
 2020-04-19,II,MANALI,0,0,0,0
 2020-04-19,III,MADHAVARAM,3,3,0,0
 2020-04-19,IV,TONDIARPET,30,2,27,1
 2020-04-19,V,ROYAPURAM,91,16,70,5
 2020-04-19,VI,THIRU VI KA NAGAR,38,11,26,1
 2020-04-19,VII,AMBATTUR,0,0,0,0
 2020-04-19,VIII,ANNA NAGAR,26,10,16,0
 2020-04-19,IX,TEYNAMPET,36,6,30,0
 2020-04-19,X,KODAMBAKKAM,29,15,14,0
 2020-04-19,XI,VALASARAVAKKAM,5,4,1,0
 2020-04-19,XII,ALANDUR,5,2,3,0
 2020-04-19,XIII,ADYAR,7,2,3,0
 2020-04-19,XIV,PERUNGUDI,7,2,5,0
 2020-04-19,XV,SOZHINGANALLUR,2,1,1,0
 2020-04-20,I,THIRUVOTTIYUR,9,0,9,0
 2020-04-20,II,MANALI,0,0,0,0
 2020-04-20,III,MADHAVARAM,3,3,0,0
 2020-04-20,IV,TONDIARPET,37,2,70,1
 2020-04-20,V,ROYAPURAM,92,17,70,5
 2020-04-20,VI,THIRU VI KA NAGAR,39,12,26,1
 2020-04-20,VII,AMBATTUR,0,0,0,0
 2020-04-20,VIII,ANNA NAGAR,27,10,16,1
 2020-04-20,IX,TEYNAMPET,38,6,32,0
 2020-04-20,X,KODAMBAKKAM,31,16,15,0
 2020-04-20,XI,VALASARAVAKKAM,5,4,1,0
 2020-04-20,XII,ALANDUR,5,2,3,0
 2020-04-20,XIII,ADYAR,7,4,3,0
 2020-04-20,XIV,PERUNGUDI,7,3,4,0
 2020-04-20,XV,SOZHINGANALLUR,2,1,1,0
 2020-04-21,I,THIRUVOTTIYUR,12,2,10,0
 2020-04-21,II,MANALI,0,0,0,0
 2020-04-21,III,MADHAVARAM,3,3,0,0
 2020-04-21,IV,TONDIARPET,46,4,41,1
 2020-04-21,V,ROYAPURAM,116,18,93,5
 2020-04-21,VI,THIRU VI KA NAGAR,42,13,28,1
 2020-04-21,VII,AMBATTUR,1,0,1,0
 2020-04-21,VIII,ANNA NAGAR,27,10,16,1
 2020-04-21,IX,TEYNAMPET,42,6,36,0
 2020-04-21,X,KODAMBAKKAM,35,16,19,0
 2020-04-21,XI,VALASARAVAKKAM,9,4,5,0
 2020-04-21,XII,ALANDUR,7,2,5,0
 2020-04-21,XIII,ADYAR,7,4,3,0
 2020-04-21,XIV,PERUNGUDI,8,3,5,0
 2020-04-21,XV,SOZHINGANALLUR,2,1,1,0
 2020-04-22,I,THIRUVOTTIYUR,13,2,11,0
 2020-04-22,II,MANALI,1,0,1,0
 2020-04-22,III,MADHAVARAM,3,3,0,0
 2020-04-22,IV,TONDIARPET,46,4,41,1
 2020-04-22,V,ROYAPURAM,117,28,84,5
 2020-04-22,VI,THIRU VI KA NAGAR,45,19,25,1
 2020-04-22,VII,AMBATTUR,1,0,1,0
 2020-04-22,VIII,ANNA NAGAR,32,10,21,1
 2020-04-22,IX,TEYNAMPET,44,7,37,0
 2020-04-22,X,KODAMBAKKAM,36,16,20,0
 2020-04-22,XI,VALASARAVAKKAM,10,4,6,0
 2020-04-22,XII,ALANDUR,7,2,5,0
 2020-04-22,XIII,ADYAR,7,4,3,0
 2020-04-22,XIV,PERUNGUDI,8,3,5,0
 2020-04-22,XV,SOZHINGANALLUR,2,1,1,0
 2020-04-23,I,THIRUVOTTIYUR,13,2,11,0
 2020-04-23,II,MANALI,1,0,1,0
 2020-04-23,III,MADHAVARAM,3,3,0,0
 2020-04-23,IV,TONDIARPET,56,7,48,1
 2020-04-23,V,ROYAPURAM,118,28,85,5
 2020-04-23,VI,THIRU VI KA NAGAR,49,19,29,1
 2020-04-23,VII,AMBATTUR,1,0,1,0
 2020-04-23,VIII,ANNA NAGAR,35,10,23,2
 2020-04-23,IX,TEYNAMPET,45,7,38,0
 2020-04-23,X,KODAMBAKKAM,36,16,20,0
 2020-04-23,XI,VALASARAVAKKAM,13,4,9,0
 2020-04-23,XII,ALANDUR,9,2,7,0
 2020-04-23,XIII,ADYAR,10,4,6,0
 2020-04-23,XIV,PERUNGUDI,8,3,5,0
 2020-04-23,XV,SOZHINGANALLUR,2,1,1,0
 2020-04-24,I,THIRUVOTTIYUR,13,4,9,0
 2020-04-24,II,MANALI,1,0,1,0
 2020-04-24,III,MADHAVARAM,3,3,0,0
 2020-04-24,IV,TONDIARPET,59,14,44,1
 2020-04-24,V,ROYAPURAM,133,28,100,5
 2020-04-24,VI,THIRU VI KA NAGAR,55,25,28,2
 2020-04-24,VII,AMBATTUR,1,0,1,0
 2020-04-24,VIII,ANNA NAGAR,39,15,21,3
 2020-04-24,IX,TEYNAMPET,53,8,45,0
 2020-04-24,X,KODAMBAKKAM,52,17,35,0
 2020-04-24,XI,VALASARAVAKKAM,13,4,9,0
 2020-04-24,XII,ALANDUR,9,2,7,0
 2020-04-24,XIII,ADYAR,10,4,6,0
 2020-04-24,XIV,PERUNGUDI,8,4,4,0
 2020-04-24,XV,SOZHINGANALLUR,2,2,0,0
 2020-04-25,I,THIRUVOTTIYUR,14,4,10,0
 2020-04-25,II,MANALI,1,0,1,0
 2020-04-25,III,MADHAVARAM,3,3,0,0
 2020-04-25,IV,TONDIARPET,64,15,48,1
 2020-04-25,V,ROYAPURAM,137,38,94,5
 2020-04-25,VI,THIRU VI KA NAGAR,80,26,52,2
 2020-04-25,VII,AMBATTUR,2,0,2,0
 2020-04-25,VIII,ANNA NAGAR,43,15,25,3
 2020-04-25,IX,TEYNAMPET,54,13,41,0
 2020-04-25,X,KODAMBAKKAM,53,18,35,0
 2020-04-25,XI,VALASARAVAKKAM,14,5,9,0
 2020-04-25,XII,ALANDUR,9,2,7,0
 2020-04-25,XIII,ADYAR,10,4,6,0
 2020-04-25,XIV,PERUNGUDI,8,6,2,0
 2020-04-25,XV,SOZHINGANALLUR,2,2,0,0
 2020-04-26,I,THIRUVOTTIYUR,14,4,10,0
 2020-04-26,II,MANALI,1,0,1,0
 2020-04-26,III,MADHAVARAM,3,3,0,0
 2020-04-26,IV,TONDIARPET,65,15,49,1
 2020-04-26,V,ROYAPURAM,145,40,100,5
 2020-04-26,VI,THIRU VI KA NAGAR,85,26,56,3
 2020-04-26,VII,AMBATTUR,2,0,2,0
 2020-04-26,VIII,ANNA NAGAR,45,18,24,3
 2020-04-26,IX,TEYNAMPET,55,13,42,0
 2020-04-26,X,KODAMBAKKAM,54,19,35,0
 2020-04-26,XI,VALASARAVAKKAM,17,5,12,0
 2020-04-26,XII,ALANDUR,9,2,7,0
 2020-04-26,XIII,ADYAR,17,4,13,0
 2020-04-26,XIV,PERUNGUDI,8,7,1,0
 2020-04-26,XV,SOZHINGANALLUR,2,2,0,0
 2020-04-27,I,THIRUVOTTIYUR,15,4,11,0
 2020-04-27,II,MANALI,1,0,1,0
 2020-04-27,III,MADHAVARAM,3,3,0,0
 2020-04-27,IV,TONDIARPET,66,15,50,1
 2020-04-27,V,ROYAPURAM,158,43,110,5
 2020-04-27,VI,THIRU VI KA NAGAR,94,26,65,3
 2020-04-27,VII,AMBATTUR,15,0,15,0
 2020-04-27,VIII,ANNA NAGAR,53,18,32,3
 2020-04-27,IX,TEYNAMPET,56,20,36,0
 2020-04-27,X,KODAMBAKKAM,54,19,35,0
 2020-04-27,XI,VALASARAVAKKAM,17,6,11,0
 2020-04-27,XII,ALANDUR,9,4,5,0
 2020-04-27,XIII,ADYAR,17,6,11,0
 2020-04-27,XIV,PERUNGUDI,9,7,1,0
 2020-04-27,XV,SOZHINGANALLUR,2,2,0,0
 2020-04-28,I,THIRUVOTTIYUR,15,4,11,0
 2020-04-28,II,MANALI,1,0,1,0
 2020-04-28,III,MADHAVARAM,4,3,1,0
 2020-04-28,IV,TONDIARPET,70,19,50,1
 2020-04-28,V,ROYAPURAM,164,61,98,5
 2020-04-28,VI,THIRU VI KA NAGAR,128,28,97,3
 2020-04-28,VII,AMBATTUR,19,0,19,0
 2020-04-28,VIII,ANNA NAGAR,65,19,42,4
 2020-04-28,IX,TEYNAMPET,81,24,57,0
 2020-04-28,X,KODAMBAKKAM,60,20,40,0
 2020-04-28,XI,VALASARAVAKKAM,26,6,20,0
 2020-04-28,XII,ALANDUR,9,5,4,0
 2020-04-28,XIII,ADYAR,19,6,13,0
 2020-04-28,XIV,PERUNGUDI,9,7,2,0
 2020-04-28,XV,SOZHINGANALLUR,2,2,0,0
 2020-04-29,I,THIRUVOTTIYUR,16,4,12,0
 2020-04-29,II,MANALI,1,0,1,0
 2020-04-29,III,MADHAVARAM,4,3,1,0
 2020-04-29,IV,TONDIARPET,77,21,55,1
 2020-04-29,V,ROYAPURAM,189,64,119,6
 2020-04-29,VI,THIRU VI KA NAGAR,169,31,135,3
 2020-04-29,VII,AMBATTUR,20,0,20,0
 2020-04-29,VIII,ANNA NAGAR,73,19,50,4
 2020-04-29,IX,TEYNAMPET,85,24,61,0
 2020-04-29,X,KODAMBAKKAM,63,21,42,0
 2020-04-29,XI,VALASARAVAKKAM,30,6,23,1
 2020-04-29,XII,ALANDUR,9,6,3,0
 2020-04-29,XIII,ADYAR,19,7,12,0
 2020-04-29,XIV,PERUNGUDI,9,7,2,0
 2020-04-29,XV,SOZHINGANALLUR,2,2,0,0
 2020-04-30,I,THIRUVOTTIYUR,16,4,12,0
 2020-04-30,II,MANALI,2,0,2,0
 2020-04-30,III,MADHAVARAM,4,3,1,0
 2020-04-30,IV,TONDIARPET,77,21,55,1
 2020-04-30,V,ROYAPURAM,199,65,128,6
 2020-04-30,VI,THIRU VI KA NAGAR,210,31,176,3
 2020-04-30,VII,AMBATTUR,27,0,27,0
 2020-04-30,VIII,ANNA NAGAR,86,19,63,4
 2020-04-30,IX,TEYNAMPET,105,24,81,0
 2020-04-30,X,KODAMBAKKAM,97,21,76,0
 2020-04-30,XI,VALASARAVAKKAM,40,6,33,1
 2020-04-30,XII,ALANDUR,9,6,3,0
 2020-04-30,XIII,ADYAR,20,7,13,0
 2020-04-30,XIV,PERUNGUDI,9,7,2,0
 2020-04-30,XV,SOZHINGANALLUR,3,2,1,0
 2020-05-01,I,THIRUVOTTIYUR,19,4,15,0
 2020-05-01,II,MANALI,3,0,3,0
 2020-05-01,III,MADHAVARAM,4,3,1,0
 2020-05-01,IV,TONDIARPET,101,22,78,1
 2020-05-01,V,ROYAPURAM,216,65,145,6
 2020-05-01,VI,THIRU VI KA NAGAR,259,32,224,3
 2020-05-01,VII,AMBATTUR,33,0,33,0
 2020-05-01,VIII,ANNA NAGAR,91,19,68,4
 2020-05-01,IX,TEYNAMPET,132,24,108,0
 2020-05-01,X,KODAMBAKKAM,116,21,94,1
 2020-05-01,XI,VALASARAVAKKAM,60,7,52,1
 2020-05-01,XII,ALANDUR,9,6,3,0
 2020-05-01,XIII,ADYAR,21,7,14,0
 2020-05-01,XIV,PERUNGUDI,9,7,2,0
 2020-05-01,XV,SOZHINGANALLUR,3,2,1,0
 2020-05-02,I,THIRUVOTTIYUR,20,5,15,0
 2020-05-02,II,MANALI,5,0,5,0
 2020-05-02,III,MADHAVARAM,8,3,5,0
 2020-05-02,IV,TONDIARPET,110,23,86,1
 2020-05-02,V,ROYAPURAM,252,68,177,7
 2020-05-02,VI,THIRU VI KA NAGAR,290,34,253,3
 2020-05-02,VII,AMBATTUR,42,0,42,0
 2020-05-02,VIII,ANNA NAGAR,108,19,85,4
 2020-05-02,IX,TEYNAMPET,145,24,121,0
 2020-05-02,X,KODAMBAKKAM,141,21,119,1
 2020-05-02,XI,VALASARAVAKKAM,77,7,69,1
 2020-05-02,XII,ALANDUR,10,6,4,0
 2020-05-02,XIII,ADYAR,27,7,20,0
 2020-05-02,XIV,PERUNGUDI,10,7,3,0
 2020-05-02,XV,SOZHINGANALLUR,5,2,3,0
 2020-05-03,I,THIRUVOTTIYUR,22,5,17,0
 2020-05-03,II,MANALI,5,0,5,0
 2020-05-03,III,MADHAVARAM,9,3,6,0
 2020-05-03,IV,TONDIARPET,118,23,94,1
 2020-05-03,V,ROYAPURAM,275,68,200,7
 2020-05-03,VI,THIRU VI KA NAGAR,324,34,287,3
 2020-05-03,VII,AMBATTUR,58,0,58,0
 2020-05-03,VIII,ANNA NAGAR,130,19,107,4
 2020-05-03,IX,TEYNAMPET,166,24,142,0
 2020-05-03,X,KODAMBAKKAM,199,21,177,1
 2020-05-03,XI,VALASARAVAKKAM,92,7,84,1
 2020-05-03,XII,ALANDUR,10,6,4,0
 2020-05-03,XIII,ADYAR,29,7,22,0
 2020-05-03,XIV,PERUNGUDI,10,7,3,0
 2020-05-03,XV,SOZHINGANALLUR,6,2,4,0
 2020-05-04,I,THIRUVOTTIYUR,29,9,20,0
 2020-05-04,II,MANALI,10,0,10,0
 2020-05-04,III,MADHAVARAM,24,3,21,0
 2020-05-04,IV,TONDIARPET,136,33,102,1
 2020-05-04,V,ROYAPURAM,299,78,213,8
 2020-05-04,VI,THIRU VI KA NAGAR,357,40,314,3
 2020-05-04,VII,AMBATTUR,67,0,67,0
 2020-05-04,VIII,ANNA NAGAR,144,22,118,4
 2020-05-04,IX,TEYNAMPET,206,26,180,0
 2020-05-04,X,KODAMBAKKAM,257,24,232,1
 2020-05-04,XI,VALASARAVAKKAM,114,7,106,1
 2020-05-04,XII,ALANDUR,10,6,4,0
 2020-05-04,XIII,ADYAR,44,7,37,0
 2020-05-04,XIV,PERUNGUDI,12,7,5,0
 2020-05-04,XV,SOZHINGANALLUR,10,2,8,0
 2020-05-05,I,THIRUVOTTIYUR,32,9,23,0
 2020-05-05,II,MANALI,13,1,12,0
 2020-05-05,III,MADHAVARAM,27,3,24,0
 2020-05-05,IV,TONDIARPET,149,37,111,1
 2020-05-05,V,ROYAPURAM,321,92,221,8
 2020-05-05,VI,THIRU VI KA NAGAR,395,51,341,3
 2020-05-05,VII,AMBATTUR,98,1,97,0
 2020-05-05,VIII,ANNA NAGAR,169,30,134,5
 2020-05-05,IX,TEYNAMPET,230,39,191,0
 2020-05-05,X,KODAMBAKKAM,327,31,294,2
 2020-05-05,XI,VALASARAVAKKAM,146,8,137,1
 2020-05-05,XII,ALANDUR,11,8,3,0
 2020-05-05,XIII,ADYAR,53,8,45,0
 2020-05-05,XIV,PERUNGUDI,15,7,8,0
 2020-05-05,XV,SOZHINGANALLUR,13,2,11,0
 2020-05-06,I,THIRUVOTTIYUR,40,9,31,0
 2020-05-06,II,MANALI,13,1,12,0
 2020-05-06,III,MADHAVARAM,30,3,27,0
 2020-05-06,IV,TONDIARPET,168,41,126,1
 2020-05-06,V,ROYAPURAM,375,98,269,8
 2020-05-06,VI,THIRU VI KA NAGAR,412,51,357,4
 2020-05-06,VII,AMBATTUR,105,1,104,0
 2020-05-06,VIII,ANNA NAGAR,191,32,154,5
 2020-05-06,IX,TEYNAMPET,285,42,243,0
 2020-05-06,X,KODAMBAKKAM,387,33,352,2
 2020-05-06,XI,VALASARAVAKKAM,176,9,166,1
 2020-05-06,XII,ALANDUR,14,8,6,0
 2020-05-06,XIII,ADYAR,91,10,80,1
 2020-05-06,XIV,PERUNGUDI,20,7,13,0
 2020-05-06,XV,SOZHINGANALLUR,15,3,12,0
 2020-05-07,I,THIRUVOTTIYUR,43,9,34,0
 2020-05-07,II,MANALI,14,1,13,0
 2020-05-07,III,MADHAVARAM,33,3,30,0
 2020-05-07,IV,TONDIARPET,184,43,140,1
 2020-05-07,V,ROYAPURAM,422,101,313,8
 2020-05-07,VI,THIRU VI KA NAGAR,448,53,391,4
 2020-05-07,VII,AMBATTUR,144,1,143,0
 2020-05-07,VIII,ANNA NAGAR,206,33,168,5
 2020-05-07,IX,TEYNAMPET,316,42,274,0
 2020-05-07,X,KODAMBAKKAM,461,35,424,2
 2020-05-07,XI,VALASARAVAKKAM,205,9,195,1
 2020-05-07,XII,ALANDUR,16,8,8,0
 2020-05-07,XIII,ADYAR,107,10,95,2
 2020-05-07,XIV,PERUNGUDI,22,7,15,0
 2020-05-07,XV,SOZHINGANALLUR,15,3,12,0
 2020-05-08,I,THIRUVOTTIYUR,45,9,36,0
 2020-05-08,II,MANALI,19,1,18,0
 2020-05-08,III,MADHAVARAM,35,3,32,0
 2020-05-08,IV,TONDIARPET,207,47,159,1
 2020-05-08,V,ROYAPURAM,490,115,367,8
 2020-05-08,VI,THIRU VI KA NAGAR,477,56,417,4
 2020-05-08,VII,AMBATTUR,164,3,161,0
 2020-05-08,VIII,ANNA NAGAR,233,37,191,5
 2020-05-08,IX,TEYNAMPET,343,42,300,1
 2020-05-08,X,KODAMBAKKAM,546,37,507,2
 2020-05-08,XI,VALASARAVAKKAM,256,9,246,1
 2020-05-08,XII,ALANDUR,19,8,11,0
 2020-05-08,XIII,ADYAR,140,13,125,2
 2020-05-08,XIV,PERUNGUDI,32,7,25,0
 2020-05-08,XV,SOZHINGANALLUR,25,3,22,0
 2020-05-09,I,THIRUVOTTIYUR,64,9,55,0
 2020-05-09,II,MANALI,27,1,26,0
 2020-05-09,III,MADHAVARAM,46,4,42,0
 2020-05-09,IV,TONDIARPET,231,52,178,1
 2020-05-09,V,ROYAPURAM,571,121,442,8
 2020-05-09,VI,THIRU VI KA NAGAR,519,78,436,5
 2020-05-09,VII,AMBATTUR,167,11,156,0
 2020-05-09,VIII,ANNA NAGAR,248,48,194,6
 2020-05-09,IX,TEYNAMPET,360,65,294,1
 2020-05-09,X,KODAMBAKKAM,563,58,503,2
 2020-05-09,XI,VALASARAVAKKAM,274,17,256,1
 2020-05-09,XII,ALANDUR,25,9,16,0
 2020-05-09,XIII,ADYAR,159,16,140,3
 2020-05-09,XIV,PERUNGUDI,35,9,26,0
 2020-05-09,XV,SOZHINGANALLUR,25,3,22,0
 2020-05-10,I,THIRUVOTTIYUR,84,11,73,0
 2020-05-10,II,MANALI,42,3,39,0
 2020-05-10,III,MADHAVARAM,54,7,47,0
 2020-05-10,IV,TONDIARPET,274,66,207,1
 2020-05-10,V,ROYAPURAM,676,148,519,9
 2020-05-10,VI,THIRU VI KA NAGAR,556,146,405,5
 2020-05-10,VII,AMBATTUR,205,28,177,0
 2020-05-10,VIII,ANNA NAGAR,301,72,223,6
 2020-05-10,IX,TEYNAMPET,412,85,326,1
 2020-05-10,X,KODAMBAKKAM,630,97,531,2
 2020-05-10,XI,VALASARAVAKKAM,319,34,284,1
 2020-05-10,XII,ALANDUR,29,9,20,0
 2020-05-10,XIII,ADYAR,175,24,148,3
 2020-05-10,XIV,PERUNGUDI,36,10,26,0
 2020-05-10,XV,SOZHINGANALLUR,28,3,25,0
 2020-05-11,I,THIRUVOTTIYUR,98,11,87,0
 2020-05-11,II,MANALI,50,3,47,0
 2020-05-11,III,MADHAVARAM,65,7,58,0
 2020-05-11,IV,TONDIARPET,327,66,259,2
 2020-05-11,V,ROYAPURAM,742,148,584,10
 2020-05-11,VI,THIRU VI KA NAGAR,590,146,439,5
 2020-05-11,VII,AMBATTUR,224,28,196,0
 2020-05-11,VIII,ANNA NAGAR,349,72,271,6
 2020-05-11,IX,TEYNAMPET,458,85,370,3
 2020-05-11,X,KODAMBAKKAM,713,97,614,2
 2020-05-11,XI,VALASARAVAKKAM,379,34,344,1
 2020-05-11,XII,ALANDUR,46,9,37,0
 2020-05-11,XIII,ADYAR,212,24,185,3
 2020-05-11,XIV,PERUNGUDI,51,10,41,0
 2020-05-11,XV,SOZHINGANALLUR,52,3,49,0
 2020-05-12,I,THIRUVOTTIYUR,118,12,106,0
 2020-05-12,II,MANALI,51,3,48,0
 2020-05-12,III,MADHAVARAM,68,7,61,0
 2020-05-12,IV,TONDIARPET,362,75,283,4
 2020-05-12,V,ROYAPURAM,828,167,651,10
 2020-05-12,VI,THIRU VI KA NAGAR,622,161,455,6
 2020-05-12,VII,AMBATTUR,234,32,202,0
 2020-05-12,VIII,ANNA NAGAR,405,80,317,8
 2020-05-12,IX,TEYNAMPET,522,94,425,3
 2020-05-12,X,KODAMBAKKAM,796,101,692,3
 2020-05-12,XI,VALASARAVAKKAM,426,35,390,1
 2020-05-12,XII,ALANDUR,57,9,48,0
 2020-05-12,XIII,ADYAR,267,25,239,3
 2020-05-12,XIV,PERUNGUDI,54,10,44,0
 2020-05-12,XV,SOZHINGANALLUR,54,3,51,0
 2020-05-13,I,THIRUVOTTIYUR,120,13,107,0
 2020-05-13,II,MANALI,66,3,63,0
 2020-05-13,III,MADHAVARAM,72,10,61,1
 2020-05-13,IV,TONDIARPET,402,85,313,4
 2020-05-13,V,ROYAPURAM,890,206,673,11
 2020-05-13,VI,THIRU VI KA NAGAR,662,182,474,6
 2020-05-13,VII,AMBATTUR,254,42,212,0
 2020-05-13,VIII,ANNA NAGAR,448,95,345,8
 2020-05-13,IX,TEYNAMPET,564,106,455,3
 2020-05-13,X,KODAMBAKKAM,835,144,688,3
 2020-05-13,XI,VALASARAVAKKAM,450,55,393,2
 2020-05-13,XII,ALANDUR,61,9,52,0
 2020-05-13,XIII,ADYAR,290,35,252,3
 2020-05-13,XIV,PERUNGUDI,64,10,54,0
 2020-05-13,XV,SOZHINGANALLUR,64,4,60,0
 2020-05-14,I,THIRUVOTTIYUR,127,14,113,0
 2020-05-14,II,MANALI,75,5,70,0
 2020-05-14,III,MADHAVARAM,85,12,72,1
 2020-05-14,IV,TONDIARPET,437,86,347,4
 2020-05-14,V,ROYAPURAM,971,212,747,12
 2020-05-14,VI,THIRU VI KA NAGAR,699,188,504,7
 2020-05-14,VII,AMBATTUR,276,54,222,0
 2020-05-14,VIII,ANNA NAGAR,468,102,358,8
 2020-05-14,IX,TEYNAMPET,608,108,496,4
 2020-05-14,X,KODAMBAKKAM,895,151,741,3
 2020-05-14,XI,VALASARAVAKKAM,461,67,392,2
 2020-05-14,XII,ALANDUR,67,11,56,0
 2020-05-14,XIII,ADYAR,310,41,266,3
 2020-05-14,XIV,PERUNGUDI,72,11,61,0
 2020-05-14,XV,SOZHINGANALLUR,65,9,56,0
 2020-05-15,I,THIRUVOTTIYUR,133,14,119,0
 2020-05-15,II,MANALI,79,5,74,0
 2020-05-15,III,MADHAVARAM,92,12,79,1
 2020-05-15,IV,TONDIARPET,474,86,383,5
 2020-05-15,V,ROYAPURAM,1047,212,822,13
 2020-05-15,VI,THIRU VI KA NAGAR,737,188,542,7
 2020-05-15,VII,AMBATTUR,285,54,231,0
 2020-05-15,VIII,ANNA NAGAR,493,102,383,8
 2020-05-15,IX,TEYNAMPET,640,108,527,5
 2020-05-15,X,KODAMBAKKAM,919,151,764,4
 2020-05-15,XI,VALASARAVAKKAM,483,67,414,2
 2020-05-15,XII,ALANDUR,71,11,60,0
 2020-05-15,XIII,ADYAR,316,41,272,3
 2020-05-15,XIV,PERUNGUDI,77,11,66,0
 2020-05-15,XV,SOZHINGANALLUR,74,9,65,0
 2020-05-16,I,THIRUVOTTIYUR,137,20,117,0
 2020-05-16,II,MANALI,84,5,79,0
 2020-05-16,III,MADHAVARAM,105,18,86,1
 2020-05-16,IV,TONDIARPET,528,105,418,5
 2020-05-16,V,ROYAPURAM,1112,240,859,13
 2020-05-16,VI,THIRU VI KA NAGAR,750,205,536,9
 2020-05-16,VII,AMBATTUR,304,66,238,0
 2020-05-16,VIII,ANNA NAGAR,514,111,395,8
 2020-05-16,IX,TEYNAMPET,669,116,548,5
 2020-05-16,X,KODAMBAKKAM,973,164,805,4
 2020-05-16,XI,VALASARAVAKKAM,494,83,409,2
 2020-05-16,XII,ALANDUR,77,11,66,0
 2020-05-16,XIII,ADYAR,334,45,285,4
 2020-05-16,XIV,PERUNGUDI,80,12,68,0
 2020-05-16,XV,SOZHINGANALLUR,82,12,70,0
 2020-05-17,I,THIRUVOTTIYUR,147,19,128,0
 2020-05-17,II,MANALI,86,6,80,0
 2020-05-17,III,MADHAVARAM,121,13,107,1
 2020-05-17,IV,TONDIARPET,581,118,458,5
 2020-05-17,V,ROYAPURAM,1185,282,889,14
 2020-05-17,VI,THIRU VI KA NAGAR,790,299,482,9
 2020-05-17,VII,AMBATTUR,317,61,256,0
 2020-05-17,VIII,ANNA NAGAR,554,134,412,8
 2020-05-17,IX,TEYNAMPET,746,173,568,5
 2020-05-17,X,KODAMBAKKAM,1041,233,804,4
 2020-05-17,XI,VALASARAVAKKAM,522,89,430,3
 2020-05-17,XII,ALANDUR,80,9,71,0
 2020-05-17,XIII,ADYAR,367,45,318,4
 2020-05-17,XIV,PERUNGUDI,86,12,74,0
 2020-05-17,XV,SOZHINGANALLUR,95,5,90,0
 2020-05-18,I,THIRUVOTTIYUR,161,22,139,0
 2020-05-18,II,MANALI,93,9,84,0
 2020-05-18,III,MADHAVARAM,133,15,117,1
 2020-05-18,IV,TONDIARPET,610,125,478,7
 2020-05-18,V,ROYAPURAM,1272,293,965,14
 2020-05-18,VI,THIRU VI KA NAGAR,835,313,513,9
 2020-05-18,VII,AMBATTUR,321,65,256,0
 2020-05-18,VIII,ANNA NAGAR,586,137,441,8
 2020-05-18,IX,TEYNAMPET,786,197,584,5
 2020-05-18,X,KODAMBAKKAM,1077,255,818,4
 2020-05-18,XI,VALASARAVAKKAM,532,104,425,3
 2020-05-18,XII,ALANDUR,84,9,75,0
 2020-05-18,XIII,ADYAR,391,57,329,5
 2020-05-18,XIV,PERUNGUDI,92,14,78,0
 2020-05-18,XV,SOZHINGANALLUR,101,7,94,0
 2020-05-19,I,THIRUVOTTIYUR,182,23,159,0
 2020-05-19,II,MANALI,100,9,91,0
 2020-05-19,III,MADHAVARAM,155,18,136,1
 2020-05-19,IV,TONDIARPET,723,147,569,7
 2020-05-19,V,ROYAPURAM,1423,320,1088,15
 2020-05-19,VI,THIRU VI KA NAGAR,900,327,564,9
 2020-05-19,VII,AMBATTUR,330,81,249,0
 2020-05-19,VIII,ANNA NAGAR,610,163,439,8
 2020-05-19,IX,TEYNAMPET,822,249,568,5
 2020-05-19,X,KODAMBAKKAM,1137,327,806,4
 2020-05-19,XI,VALASARAVAKKAM,544,137,404,3
 2020-05-19,XII,ALANDUR,84,12,72,0
 2020-05-19,XIII,ADYAR,413,90,318,5
 2020-05-19,XIV,PERUNGUDI,96,20,76,0
 2020-05-19,XV,SOZHINGANALLUR,109,8,101,0
 2020-05-20,I,THIRUVOTTIYUR,221,53,168,0
 2020-05-20,II,MANALI,108,23,85,0
 2020-05-20,III,MADHAVARAM,172,39,132,1
 2020-05-20,IV,TONDIARPET,773,203,562,8
 2020-05-20,V,ROYAPURAM,1538,481,1042,15
 2020-05-20,VI,THIRU VI KA NAGAR,976,449,518,9
 2020-05-20,VII,AMBATTUR,352,146,206,0
 2020-05-20,VIII,ANNA NAGAR,662,206,448,8
 2020-05-20,IX,TEYNAMPET,869,325,539,5
 2020-05-20,X,KODAMBAKKAM,1192,487,700,5
 2020-05-20,XI,VALASARAVAKKAM,570,223,344,3
 2020-05-20,XII,ALANDUR,90,18,72,0
 2020-05-20,XIII,ADYAR,446,135,306,5
 2020-05-20,XIV,PERUNGUDI,103,25,78,0
 2020-05-20,XV,SOZHINGANALLUR,113,13,100,0
 2020-05-21,I,THIRUVOTTIYUR,228,56,172,0
 2020-05-21,II,MANALI,115,27,88,0
 2020-05-21,III,MADHAVARAM,186,40,145,1
 2020-05-21,IV,TONDIARPET,823,218,596,9
 2020-05-21,V,ROYAPURAM,1699,517,1167,15
 2020-05-21,VI,THIRU VI KA NAGAR,1032,466,555,11
 2020-05-21,VII,AMBATTUR,376,162,214,0
 2020-05-21,VIII,ANNA NAGAR,719,222,489,8
 2020-05-21,IX,TEYNAMPET,926,338,582,6
 2020-05-21,X,KODAMBAKKAM,1231,535,690,6
 2020-05-21,XI,VALASARAVAKKAM,605,259,343,3
 2020-05-21,XII,ALANDUR,96,22,74,0
 2020-05-21,XIII,ADYAR,472,150,317,5
 2020-05-21,XIV,PERUNGUDI,112,31,81,0
 2020-05-21,XV,SOZHINGANALLUR,130,19,111,0
 2020-05-22,I,THIRUVOTTIYUR,250,71,179,0
 2020-05-22,II,MANALI,115,33,82,0
 2020-05-22,III,MADHAVARAM,192,50,141,1
 2020-05-22,IV,TONDIARPET,881,254,617,10
 2020-05-22,V,ROYAPURAM,1768,614,1139,15
 2020-05-22,VI,THIRU VI KA NAGAR,1079,516,552,11
 2020-05-22,VII,AMBATTUR,402,206,196,0
 2020-05-22,VIII,ANNA NAGAR,783,303,471,9
 2020-05-22,IX,TEYNAMPET,1000,429,565,6
 2020-05-22,X,KODAMBAKKAM,1300,642,652,6
 2020-05-22,XI,VALASARAVAKKAM,650,351,296,3
 2020-05-22,XII,ALANDUR,100,30,70,0
 2020-05-22,XIII,ADYAR,513,207,301,5
 2020-05-22,XIV,PERUNGUDI,137,41,96,0
 2020-05-22,XV,SOZHINGANALLUR,148,44,104,0
 2020-05-23,I,THIRUVOTTIYUR,274,82,192,0
 2020-05-23,II,MANALI,126,37,89,0
 2020-05-23,III,MADHAVARAM,213,57,155,1
 2020-05-23,IV,TONDIARPET,974,280,683,11
 2020-05-23,V,ROYAPURAM,1889,668,1204,17
 2020-05-23,VI,THIRU VI KA NAGAR,1133,539,582,12
 2020-05-23,VII,AMBATTUR,415,211,204,0
 2020-05-23,VIII,ANNA NAGAR,829,334,486,9
 2020-05-23,IX,TEYNAMPET,1054,447,600,7
 2020-05-23,X,KODAMBAKKAM,1391,678,707,6
 2020-05-23,XI,VALASARAVAKKAM,679,366,310,3
 2020-05-23,XII,ALANDUR,107,39,68,0
 2020-05-23,XIII,ADYAR,533,215,313,5
 2020-05-23,XIV,PERUNGUDI,152,44,108,0
 2020-05-23,XV,SOZHINGANALLUR,160,46,114,0
 2020-05-24,I,THIRUVOTTIYUR,300,97,203,0
 2020-05-24,II,MANALI,142,56,86,0
 2020-05-24,III,MADHAVARAM,223,73,149,1
 2020-05-24,IV,TONDIARPET,1044,355,678,11
 2020-05-24,V,ROYAPURAM,1981,803,1158,20
 2020-05-24,VI,THIRU VI KA NAGAR,1188,590,586,12
 2020-05-24,VII,AMBATTUR,446,239,207,0
 2020-05-24,VIII,ANNA NAGAR,867,406,451,10
 2020-05-24,IX,TEYNAMPET,1118,518,592,8
 2020-05-24,X,KODAMBAKKAM,1460,781,673,6
 2020-05-24,XI,VALASARAVAKKAM,703,407,292,4
 2020-05-24,XII,ALANDUR,121,63,58,0
 2020-05-24,XIII,ADYAR,579,268,306,5
 2020-05-24,XIV,PERUNGUDI,168,66,102,0
 2020-05-24,XV,SOZHINGANALLUR,173,59,114,0
 2020-05-25,I,THIRUVOTTIYUR,322,112,210,0
 2020-05-25,II,MANALI,152,73,79,0
 2020-05-25,III,MADHAVARAM,237,83,153,1
 2020-05-25,IV,TONDIARPET,1096,420,665,11
 2020-05-25,V,ROYAPURAM,2065,931,1113,21
 2020-05-25,VI,THIRU VI KA NAGAR,1253,650,588,15
 2020-05-25,VII,AMBATTUR,472,262,210,0
 2020-05-25,VIII,ANNA NAGAR,924,452,461,11
 2020-05-25,IX,TEYNAMPET,1188,572,607,9
 2020-05-25,X,KODAMBAKKAM,1488,847,635,6
 2020-05-25,XI,VALASARAVAKKAM,740,439,297,4
 2020-05-25,XII,ALANDUR,132,68,64,0
 2020-05-25,XIII,ADYAR,619,287,327,5
 2020-05-25,XIV,PERUNGUDI,185,71,114,0
 2020-05-25,XV,SOZHINGANALLUR,184,64,120,0
 2020-05-26,I,THIRUVOTTIYUR,344,113,231,0
 2020-05-26,II,MANALI,156,74,82,0
 2020-05-26,III,MADHAVARAM,256,87,168,1
 2020-05-26,IV,TONDIARPET,1160,433,716,11
 2020-05-26,V,ROYAPURAM,2145,955,1168,22
 2020-05-26,VI,THIRU VI KA NAGAR,1285,659,610,16
 2020-05-26,VII,AMBATTUR,484,275,209,0
 2020-05-26,VIII,ANNA NAGAR,975,461,501,13
 2020-05-26,IX,TEYNAMPET,1262,592,659,11
 2020-05-26,X,KODAMBAKKAM,1525,894,625,6
 2020-05-26,XI,VALASARAVAKKAM,758,448,306,4
 2020-05-26,XII,ALANDUR,157,71,86,0
 2020-05-26,XIII,ADYAR,653,297,351,5
 2020-05-26,XIV,PERUNGUDI,203,74,129,0
 2020-05-26,XV,SOZHINGANALLUR,197,71,126,0
 2020-05-27,I,THIRUVOTTIYUR,369,123,246,0
 2020-05-27,II,MANALI,168,76,92,0
 2020-05-27,III,MADHAVARAM,274,94,179,1
 2020-05-27,IV,TONDIARPET,1262,466,785,11
 2020-05-27,V,ROYAPURAM,2252,1003,1225,24
 2020-05-27,VI,THIRU VI KA NAGAR,1325,676,633,16
 2020-05-27,VII,AMBATTUR,504,286,218,0
 2020-05-27,VIII,ANNA NAGAR,1046,477,556,13
 2020-05-27,IX,TEYNAMPET,1317,620,685,12
 2020-05-27,X,KODAMBAKKAM,1559,926,626,7
 2020-05-27,XI,VALASARAVAKKAM,777,473,300,4
 2020-05-27,XII,ALANDUR,165,73,92,0
 2020-05-27,XIII,ADYAR,672,316,351,5
 2020-05-27,XIV,PERUNGUDI,212,79,133,0
 2020-05-27,XV,SOZHINGANALLUR,208,77,131,0
 2020-05-28,I,THIRUVOTTIYUR,377,143,234,0
 2020-05-28,II,MANALI,175,81,94,0
 2020-05-28,III,MADHAVARAM,280,115,164,1
 2020-05-28,IV,TONDIARPET,1322,521,790,11
 2020-05-28,V,ROYAPURAM,2324,1130,1168,26
 2020-05-28,VI,THIRU VI KA NAGAR,1393,740,633,20
 2020-05-28,VII,AMBATTUR,516,297,219,0
 2020-05-28,VIII,ANNA NAGAR,1089,521,555,13
 2020-05-28,IX,TEYNAMPET,1412,702,696,14
 2020-05-28,X,KODAMBAKKAM,1646,999,639,8
 2020-05-28,XI,VALASARAVAKKAM,794,490,300,4
 2020-05-28,XII,ALANDUR,178,77,101,0
 2020-05-28,XIII,ADYAR,719,348,366,5
 2020-05-28,XIV,PERUNGUDI,217,84,133,0
 2020-05-28,XV,SOZHINGANALLUR,219,82,137,0
 2020-05-29,I,THIRUVOTTIYUR,414,167,247,0
 2020-05-29,II,MANALI,190,86,104,0
 2020-05-29,III,MADHAVARAM,298,131,166,1
 2020-05-29,IV,TONDIARPET,1425,614,798,13
 2020-05-29,V,ROYAPURAM,2446,1268,1150,28
 2020-05-29,VI,THIRU VI KA NAGAR,1437,783,633,21
 2020-05-29,VII,AMBATTUR,539,310,228,1
 2020-05-29,VIII,ANNA NAGAR,1143,551,578,14
 2020-05-29,IX,TEYNAMPET,1500,759,727,14
 2020-05-29,X,KODAMBAKKAM,1678,1050,620,8
 2020-05-29,XI,VALASARAVAKKAM,816,508,304,4
 2020-05-29,XII,ALANDUR,188,80,108,0
 2020-05-29,XIII,ADYAR,745,381,359,5
 2020-05-29,XIV,PERUNGUDI,226,90,136,0
 2020-05-29,XV,SOZHINGANALLUR,233,91,142,0
 2020-05-30,I,THIRUVOTTIYUR,439,199,240,0
 2020-05-30,II,MANALI,203,95,108,0
 2020-05-30,III,MADHAVARAM,345,147,197,1
 2020-05-30,IV,TONDIARPET,1536,654,868,14
 2020-05-30,V,ROYAPURAM,2589,1369,1191,29
 2020-05-30,VI,THIRU VI KA NAGAR,1494,826,646,22
 2020-05-30,VII,AMBATTUR,550,326,222,2
 2020-05-30,VIII,ANNA NAGAR,1180,581,585,14
 2020-05-30,IX,TEYNAMPET,1557,789,753,15
 2020-05-30,X,KODAMBAKKAM,1709,1082,619,8
 2020-05-30,XI,VALASARAVAKKAM,846,535,308,3
 2020-05-30,XII,ALANDUR,195,84,111,0
 2020-05-30,XIII,ADYAR,773,409,359,5
 2020-05-30,XIV,PERUNGUDI,241,97,144,0
 2020-05-30,XV,SOZHINGANALLUR,234,96,138,0
 2020-05-31,I,THIRUVOTTIYUR,484,213,271,0
 2020-05-31,II,MANALI,206,100,104,2
 2020-05-31,III,MADHAVARAM,364,158,205,1
 2020-05-31,IV,TONDIARPET,1661,703,943,15
 2020-05-31,V,ROYAPURAM,2737,1501,1207,29
 2020-05-31,VI,THIRU VI KA NAGAR,1556,915,617,24
 2020-05-31,VII,AMBATTUR,563,346,215,2
 2020-05-31,VIII,ANNA NAGAR,1237,624,599,14
 2020-05-31,IX,TEYNAMPET,1662,843,802,17
 2020-05-31,X,KODAMBAKKAM,1798,1141,649,8
 2020-05-31,XI,VALASARAVAKKAM,871,571,297,3
 2020-05-31,XII,ALANDUR,215,92,121,2
 2020-05-31,XIII,ADYAR,834,433,396,5
 2020-05-31,XIV,PERUNGUDI,251,105,146,0
 2020-05-31,XV,SOZHINGANALLUR,255,106,149,0
 2020-06-01,I,THIRUVOTTIYUR,534,224,310,0
 2020-06-01,II,MANALI,222,102,118,2
 2020-06-01,III,MADHAVARAM,378,163,214,1
 2020-06-01,IV,TONDIARPET,1839,723,1101,15
 2020-06-01,V,ROYAPURAM,2935,1528,1377,30
 2020-06-01,VI,THIRU VI KA NAGAR,1651,936,690,25
 2020-06-01,VII,AMBATTUR,587,357,227,3
 2020-06-01,VIII,ANNA NAGAR,1341,655,671,15
 2020-06-01,IX,TEYNAMPET,1770,895,858,17
 2020-06-01,X,KODAMBAKKAM,1867,1177,682,8
 2020-06-01,XI,VALASARAVAKKAM,890,597,290,3
 2020-06-01,XII,ALANDUR,229,97,129,3
 2020-06-01,XIII,ADYAR,883,449,428,6
 2020-06-01,XIV,PERUNGUDI,263,118,145,0
 2020-06-01,XV,SOZHINGANALLUR,262,115,147,0
 2020-06-02,I,THIRUVOTTIYUR,559,233,326,0
 2020-06-02,II,MANALI,228,109,116,3
 2020-06-02,III,MADHAVARAM,400,178,221,1
 2020-06-02,IV,TONDIARPET,2007,750,1242,15
 2020-06-02,V,ROYAPURAM,3060,1594,1435,31
 2020-06-02,VI,THIRU VI KA NAGAR,1711,975,710,26
 2020-06-02,VII,AMBATTUR,619,363,253,3
 2020-06-02,VIII,ANNA NAGAR,1411,685,710,16
 2020-06-02,IX,TEYNAMPET,1871,944,908,19
 2020-06-02,X,KODAMBAKKAM,1921,1232,680,9
 2020-06-02,XI,VALASARAVAKKAM,910,610,297,3
 2020-06-02,XII,ALANDUR,243,98,142,3
 2020-06-02,XIII,ADYAR,949,472,471,6
 2020-06-02,XIV,PERUNGUDI,278,130,148,0
 2020-06-02,XV,SOZHINGANALLUR,279,133,146,0
 2020-06-03,I,THIRUVOTTIYUR,610,254,356,0
 2020-06-03,II,MANALI,246,123,120,3
 2020-06-03,III,MADHAVARAM,431,185,245,1
 2020-06-03,IV,TONDIARPET,2093,797,1281,15
 2020-06-03,V,ROYAPURAM,3224,1671,1522,31
 2020-06-03,VI,THIRU VI KA NAGAR,1798,1012,759,27
 2020-06-03,VII,AMBATTUR,651,381,266,4
 2020-06-03,VIII,ANNA NAGAR,1525,724,785,16
 2020-06-03,IX,TEYNAMPET,2014,994,1000,20
 2020-06-03,X,KODAMBAKKAM,2029,1260,760,9
 2020-06-03,XI,VALASARAVAKKAM,939,625,311,3
 2020-06-03,XII,ALANDUR,261,104,153,4
 2020-06-03,XIII,ADYAR,1007,500,501,6
 2020-06-03,XIV,PERUNGUDI,301,133,168,0
 2020-06-03,XV,SOZHINGANALLUR,306,137,169,0
 2020-06-04,I,THIRUVOTTIYUR,670,270,398,2
 2020-06-04,II,MANALI,259,133,123,3
 2020-06-04,III,MADHAVARAM,490,201,287,2
 2020-06-04,IV,TONDIARPET,2261,836,1404,21
 2020-06-04,V,ROYAPURAM,3388,1779,1574,35
 2020-06-04,VI,THIRU VI KA NAGAR,1855,1068,758,29
 2020-06-04,VII,AMBATTUR,684,393,286,5
 2020-06-04,VIII,ANNA NAGAR,1660,748,896,16
 2020-06-04,IX,TEYNAMPET,2136,1031,1082,23
 2020-06-04,X,KODAMBAKKAM,2123,1313,798,12
 2020-06-04,XI,VALASARAVAKKAM,975,653,317,5
 2020-06-04,XII,ALANDUR,289,120,164,5
 2020-06-04,XIII,ADYAR,1042,542,492,8
 2020-06-04,XIV,PERUNGUDI,334,152,182,0
 2020-06-04,XV,SOZHINGANALLUR,339,153,186,0
 2020-06-05,I,THIRUVOTTIYUR,731,289,440,2
 2020-06-05,II,MANALI,274,138,133,3
 2020-06-05,III,MADHAVARAM,536,219,315,2
 2020-06-05,IV,TONDIARPET,2470,943,1506,21
 2020-06-05,V,ROYAPURAM,3552,1913,1601,38
 2020-06-05,VI,THIRU VI KA NAGAR,1958,1151,777,30
 2020-06-05,VII,AMBATTUR,733,424,302,7
 2020-06-05,VIII,ANNA NAGAR,1784,811,956,17
 2020-06-05,IX,TEYNAMPET,2245,1115,1103,27
 2020-06-05,X,KODAMBAKKAM,2202,1383,807,12
 2020-06-05,XI,VALASARAVAKKAM,996,684,307,5
 2020-06-05,XII,ALANDUR,314,136,173,5
 2020-06-05,XIII,ADYAR,1094,597,488,9
 2020-06-05,XIV,PERUNGUDI,365,177,188,0
 2020-06-05,XV,SOZHINGANALLUR,362,176,186,0
 2020-06-06,I,THIRUVOTTIYUR,784,296,485,3
 2020-06-06,II,MANALI,312,150,159,3
 2020-06-06,III,MADHAVARAM,579,230,347,2
 2020-06-06,IV,TONDIARPET,2646,970,1654,22
 2020-06-06,V,ROYAPURAM,3717,2014,1663,40
 2020-06-06,VI,THIRU VI KA NAGAR,2073,1181,858,34
 2020-06-06,VII,AMBATTUR,773,430,336,7
 2020-06-06,VIII,ANNA NAGAR,1864,847,998,19
 2020-06-06,IX,TEYNAMPET,2374,1146,1197,31
 2020-06-06,X,KODAMBAKKAM,2323,1414,896,13
 2020-06-06,XI,VALASARAVAKKAM,1043,703,334,6
 2020-06-06,XII,ALANDUR,364,143,216,5
 2020-06-06,XIII,ADYAR,1158,614,533,11
 2020-06-06,XIV,PERUNGUDI,389,185,203,1
 2020-06-06,XV,SOZHINGANALLUR,366,179,187,0
 2020-06-07,I,THIRUVOTTIYUR,813,319,491,3
 2020-06-07,II,MANALI,328,153,172,3
 2020-06-07,III,MADHAVARAM,614,248,364,2
 2020-06-07,IV,TONDIARPET,2835,1046,1766,23
 2020-06-07,V,ROYAPURAM,3859,2123,1691,45
 2020-06-07,VI,THIRU VI KA NAGAR,2167,1240,889,38
 2020-06-07,VII,AMBATTUR,807,437,363,7
 2020-06-07,VIII,ANNA NAGAR,1974,889,1065,20
 2020-06-07,IX,TEYNAMPET,2518,1230,1255,33
 2020-06-07,X,KODAMBAKKAM,2431,1455,961,15
 2020-06-07,XI,VALASARAVAKKAM,1054,719,329,6
 2020-06-07,XII,ALANDUR,400,160,235,5
 2020-06-07,XIII,ADYAR,1274,640,623,11
 2020-06-07,XIV,PERUNGUDI,415,189,225,1
 2020-06-07,XV,SOZHINGANALLUR,390,182,208,0
 2020-06-08,I,THIRUVOTTIYUR,870,330,537,3
 2020-06-08,II,MANALI,343,154,186,3
 2020-06-08,III,MADHAVARAM,650,251,397,2
 2020-06-08,IV,TONDIARPET,3019,1085,1908,26
 2020-06-08,V,ROYAPURAM,4023,2173,1804,46
 2020-06-08,VI,THIRU VI KA NAGAR,2273,1261,973,39
 2020-06-08,VII,AMBATTUR,828,444,377,7
 2020-06-08,VIII,ANNA NAGAR,2068,908,1137,23
 2020-06-08,IX,TEYNAMPET,2646,1257,1355,34
 2020-06-08,X,KODAMBAKKAM,2539,1490,1033,16
 2020-06-08,XI,VALASARAVAKKAM,1088,724,358,6
 2020-06-08,XII,ALANDUR,412,160,246,6
 2020-06-08,XIII,ADYAR,1325,653,661,11
 2020-06-08,XIV,PERUNGUDI,421,193,227,1
 2020-06-08,XV,SOZHINGANALLUR,420,182,238,0
 2020-06-09,I,THIRUVOTTIYUR,934,335,596,3
 2020-06-09,II,MANALI,362,161,197,4
 2020-06-09,III,MADHAVARAM,682,266,414,2
 2020-06-09,IV,TONDIARPET,3192,1138,2025,29
 2020-06-09,V,ROYAPURAM,4192,2274,1866,52
 2020-06-09,VI,THIRU VI KA NAGAR,2351,1384,924,43
 2020-06-09,VII,AMBATTUR,848,452,389,7
 2020-06-09,VIII,ANNA NAGAR,2178,933,1222,23
 2020-06-09,IX,TEYNAMPET,2846,1301,1508,37
 2020-06-09,X,KODAMBAKKAM,2656,1525,1113,18
 2020-06-09,XI,VALASARAVAKKAM,1136,743,387,6
 2020-06-09,XII,ALANDUR,483,164,312,7
 2020-06-09,XIII,ADYAR,1411,676,724,11
 2020-06-09,XIV,PERUNGUDI,450,201,248,1
 2020-06-09,XV,SOZHINGANALLUR,435,185,250,0
 2020-06-10,I,THIRUVOTTIYUR,972,370,597,5
 2020-06-10,II,MANALI,383,175,204,4
 2020-06-10,III,MADHAVARAM,724,282,440,2
 2020-06-10,IV,TONDIARPET,3405,1255,2119,31
 2020-06-10,V,ROYAPURAM,4405,2413,1938,54
 2020-06-10,VI,THIRU VI KA NAGAR,2456,1431,981,44
 2020-06-10,VII,AMBATTUR,901,484,409,8
 2020-06-10,VIII,ANNA NAGAR,2362,1013,1326,23
 2020-06-10,IX,TEYNAMPET,3069,1392,1638,39
 2020-06-10,X,KODAMBAKKAM,2805,1593,1192,20
 2020-06-10,XI,VALASARAVAKKAM,1170,770,394,6
 2020-06-10,XII,ALANDUR,521,183,331,7
 2020-06-10,XIII,ADYAR,1481,726,742,13
 2020-06-10,XIV,PERUNGUDI,481,214,285,2
 2020-06-10,XV,SOZHINGANALLUR,469,206,263,0
 2020-06-11,I,THIRUVOTTIYUR,1024,438,580,6
 2020-06-11,II,MANALI,405,189,212,4
 2020-06-11,III,MADHAVARAM,747,320,425,2
 2020-06-11,IV,TONDIARPET,3584,1484,2066,34
 2020-06-11,V,ROYAPURAM,4584,2584,1944,56
 2020-06-11,VI,THIRU VI KA NAGAR,2550,1497,1004,49
 2020-06-11,VII,AMBATTUR,949,522,419,8
 2020-06-11,VIII,ANNA NAGAR,2571,1141,1404,26
 2020-06-11,IX,TEYNAMPET,3291,1528,1721,42
 2020-06-11,X,KODAMBAKKAM,2966,1696,1250,20
 2020-06-11,XI,VALASARAVAKKAM,1217,823,388,6
 2020-06-11,XII,ALANDUR,555,209,339,7
 2020-06-11,XIII,ADYAR,1534,803,718,13
 2020-06-11,XIV,PERUNGUDI,515,238,275,2
 2020-06-11,XV,SOZHINGANALLUR,493,226,267,0
 2020-06-12,I,THIRUVOTTIYUR,1072,456,609,7
 2020-06-12,II,MANALI,418,198,216,4
 2020-06-12,III,MADHAVARAM,780,403,375,2
 2020-06-12,IV,TONDIARPET,3781,1624,2120,37
 2020-06-12,V,ROYAPURAM,4821,2740,2023,58
 2020-06-12,VI,THIRU VI KA NAGAR,2660,1568,1041,51
 2020-06-12,VII,AMBATTUR,987,558,420,9
 2020-06-12,VIII,ANNA NAGAR,2781,1228,1524,29
 2020-06-12,IX,TEYNAMPET,3464,1635,1785,44
 2020-06-12,X,KODAMBAKKAM,3108,1776,1311,21
 2020-06-12,XI,VALASARAVAKKAM,1268,855,407,6
 2020-06-12,XII,ALANDUR,587,223,357,7
 2020-06-12,XIII,ADYAR,1607,849,745,13
 2020-06-12,XIV,PERUNGUDI,536,251,283,2
 2020-06-12,XV,SOZHINGANALLUR,527,250,277,0
 2020-06-13,I,THIRUVOTTIYUR,1113,516,588,9
 2020-06-13,II,MANALI,434,239,191,4
 2020-06-13,III,MADHAVARAM,814,405,407,2
 2020-06-13,IV,TONDIARPET,3928,2029,1859,40
 2020-06-13,V,ROYAPURAM,5056,2839,2155,62
 2020-06-13,VI,THIRU VI KA NAGAR,2772,1602,1111,59
 2020-06-13,VII,AMBATTUR,1058,615,434,9
 2020-06-13,VIII,ANNA NAGAR,2960,1311,1617,32
 2020-06-13,IX,TEYNAMPET,3652,1700,1905,47
 2020-06-13,X,KODAMBAKKAM,3267,1931,1314,22
 2020-06-13,XI,VALASARAVAKKAM,1338,926,406,6
 2020-06-13,XII,ALANDUR,593,224,362,7
 2020-06-13,XIII,ADYAR,1725,859,853,13
 2020-06-13,XIV,PERUNGUDI,551,276,273,2
 2020-06-13,XV,SOZHINGANALLUR,560,293,267,0
 2020-06-14,I,THIRUVOTTIYUR,1171,556,604,11
 2020-06-14,II,MANALI,448,246,198,4
 2020-06-14,III,MADHAVARAM,854,448,404,2
 2020-06-14,IV,TONDIARPET,4082,2089,1951,42
 2020-06-14,V,ROYAPURAM,5216,3051,2099,66
 2020-06-14,VI,THIRU VI KA NAGAR,2922,1683,1178,61
 2020-06-14,VII,AMBATTUR,1105,633,462,10
 2020-06-14,VIII,ANNA NAGAR,3150,1412,1703,35
 2020-06-14,IX,TEYNAMPET,3844,1884,1909,51
 2020-06-14,X,KODAMBAKKAM,3409,1981,1403,25
 2020-06-14,XI,VALASARAVAKKAM,1395,937,450,8
 2020-06-14,XII,ALANDUR,624,241,376,7
 2020-06-14,XIII,ADYAR,1809,914,880,15
 2020-06-14,XIV,PERUNGUDI,594,295,297,2
 2020-06-14,XV,SOZHINGANALLUR,586,301,285,0
 2020-06-14,,OTHER DISTRICT,0,0,0,8
 2020-06-15,I,THIRUVOTTIYUR,1224,591,620,13
 2020-06-15,II,MANALI,470,254,212,4
 2020-06-15,III,MADHAVARAM,894,455,436,3
 2020-06-15,IV,TONDIARPET,4226,2156,2018,52
 2020-06-15,V,ROYAPURAM,5364,3168,2124,72
 2020-06-15,VI,THIRU VI KA NAGAR,2992,1723,1207,62
 2020-06-15,VII,AMBATTUR,1148,662,474,12
 2020-06-15,VIII,ANNA NAGAR,3330,1475,1815,40
 2020-06-15,IX,TEYNAMPET,4031,1955,2021,55
 2020-06-15,X,KODAMBAKKAM,3539,2013,1499,27
 2020-06-15,XI,VALASARAVAKKAM,1413,950,455,8
 2020-06-15,XII,ALANDUR,670,278,384,8
 2020-06-15,XIII,ADYAR,1885,984,884,17
 2020-06-15,XIV,PERUNGUDI,630,309,316,5
 2020-06-15,XV,SOZHINGANALLUR,615,302,313,0
 2020-06-15,,OTHER DISTRICT,0,0,0,4
 2020-06-16,I,THIRUVOTTIYUR,1258,606,632,20
 2020-06-16,II,MANALI,483,265,213,5
 2020-06-16,III,MADHAVARAM,922,472,447,3
 2020-06-16,IV,TONDIARPET,4370,2210,2102,58
 2020-06-16,V,ROYAPURAM,5486,3296,2111,79
 2020-06-16,VI,THIRU VI KA NAGAR,3041,1804,1172,65
 2020-06-16,VII,AMBATTUR,1190,728,449,13
 2020-06-16,VIII,ANNA NAGAR,3431,1745,1644,42
 2020-06-16,IX,TEYNAMPET,4143,2057,2026,60
 2020-06-16,X,KODAMBAKKAM,3648,2195,1422,31
 2020-06-16,XI,VALASARAVAKKAM,1444,973,462,9
 2020-06-16,XII,ALANDUR,699,303,387,9
 2020-06-16,XIII,ADYAR,1931,1036,876,19
 2020-06-16,XIV,PERUNGUDI,646,323,318,5
 2020-06-16,XV,SOZHINGANALLUR,639,350,289,0
 2020-06-16,,OTHER DISTRICT,913,202,707,4
 2020-06-17,I,THIRUVOTTIYUR,1324,618,683,23
 2020-06-17,II,MANALI,503,266,231,6
 2020-06-17,III,MADHAVARAM,955,484,466,5
 2020-06-17,IV,TONDIARPET,4549,2257,2229,63
 2020-06-17,V,ROYAPURAM,5626,3354,2189,83
 2020-06-17,VI,THIRU VI KA NAGAR,3160,1837,1255,68
 2020-06-17,VII,AMBATTUR,1243,732,498,13
 2020-06-17,VIII,ANNA NAGAR,3636,1764,1827,45
 2020-06-17,IX,TEYNAMPET,4334,2108,2162,64
 2020-06-17,X,KODAMBAKKAM,3801,2218,1548,35
 2020-06-17,XI,VALASARAVAKKAM,1497,977,509,11
 2020-06-17,XII,ALANDUR,736,314,411,11
 2020-06-17,XIII,ADYAR,2069,1125,922,22
 2020-06-17,XIV,PERUNGUDI,684,344,334,6
 2020-06-17,XV,SOZHINGANALLUR,677,351,324,2
 2020-06-17,,OTHER DISTRICT,763,278,479,4
 2020-06-18,I,THIRUVOTTIYUR,1370,694,650,26
 2020-06-18,II,MANALI,525,274,244,7
 2020-06-18,III,MADHAVARAM,999,515,474,10
 2020-06-18,IV,TONDIARPET,4743,2354,2322,67
 2020-06-18,V,ROYAPURAM,5828,3526,2212,90
 2020-06-18,VI,THIRU VI KA NAGAR,3244,1896,1278,70
 2020-06-18,VII,AMBATTUR,1305,737,554,14
 2020-06-18,VIII,ANNA NAGAR,3820,1815,1957,48
 2020-06-18,IX,TEYNAMPET,4504,2365,2070,69
 2020-06-18,X,KODAMBAKKAM,3959,2272,1645,42
 2020-06-18,XI,VALASARAVAKKAM,1571,995,564,12
 2020-06-18,XII,ALANDUR,781,348,422,11
 2020-06-18,XIII,ADYAR,2144,1165,956,23
 2020-06-18,XIV,PERUNGUDI,729,351,371,7
 2020-06-18,XV,SOZHINGANALLUR,707,373,322,3
 2020-06-18,,OTHER DISTRICT,849,6,841,2
 2020-06-19,I,THIRUVOTTIYUR,1434,740,666,28
 2020-06-19,II,MANALI,547,296,243,8
 2020-06-19,III,MADHAVARAM,1046,550,485,11
 2020-06-19,IV,TONDIARPET,4869,2489,2308,72
 2020-06-19,V,ROYAPURAM,5981,3647,2237,97
 2020-06-19,VI,THIRU VI KA NAGAR,3356,1965,1320,71
 2020-06-19,VII,AMBATTUR,1374,769,587,18
 2020-06-19,VIII,ANNA NAGAR,3972,1919,2003,50
 2020-06-19,IX,TEYNAMPET,4652,2542,2040,70
 2020-06-19,X,KODAMBAKKAM,4149,2342,1765,42
 2020-06-19,XI,VALASARAVAKKAM,1638,1038,586,14
 2020-06-19,XII,ALANDUR,808,400,397,11
 2020-06-19,XIII,ADYAR,2204,1239,942,23
 2020-06-19,XIV,PERUNGUDI,762,388,367,7
 2020-06-19,XV,SOZHINGANALLUR,723,409,312,2
 2020-06-19,,OTHER DISTRICT,811,365,441,5
 2020-06-20,I,THIRUVOTTIYUR,1483,740,666,28
 2020-06-20,II,MANALI,560,296,243,8
 2020-06-20,III,MADHAVARAM,1095,550,485,11
 2020-06-20,IV,TONDIARPET,4963,2489,2308,72
 2020-06-20,V,ROYAPURAM,6148,3647,2237,97
 2020-06-20,VI,THIRU VI KA NAGAR,3440,1965,1320,71
 2020-06-20,VII,AMBATTUR,1440,769,587,18
 2020-06-20,VIII,ANNA NAGAR,4142,1919,2003,50
 2020-06-20,IX,TEYNAMPET,4785,2542,2040,70
 2020-06-20,X,KODAMBAKKAM,4329,2342,1765,42
 2020-06-20,XI,VALASARAVAKKAM,1667,1038,586,14
 2020-06-20,XII,ALANDUR,840,400,397,11
 2020-06-20,XIII,ADYAR,2314,1239,942,23
 2020-06-20,XIV,PERUNGUDI,809,388,367,7
 2020-06-20,XV,SOZHINGANALLUR,732,409,312,2
 2020-06-20,,OTHER DISTRICT,893,389,499,5
 2020-06-21,I,THIRUVOTTIYUR,1545,787,726,32
 2020-06-21,II,MANALI,581,321,252,8
 2020-06-21,III,MADHAVARAM,1135,601,520,14
 2020-06-21,IV,TONDIARPET,5116,2685,2351,80
 2020-06-21,V,ROYAPURAM,6288,3842,2337,109
 2020-06-21,VI,THIRU VI KA NAGAR,3532,2200,1259,73
 2020-06-21,VII,AMBATTUR,1519,860,640,19
 2020-06-21,VIII,ANNA NAGAR,4385,2137,2193,55
 2020-06-21,IX,TEYNAMPET,4967,2813,2072,82
 2020-06-21,X,KODAMBAKKAM,4485,2501,1934,50
 2020-06-21,XI,VALASARAVAKKAM,1719,1087,613,19
 2020-06-21,XII,ALANDUR,880,452,417,11
 2020-06-21,XIII,ADYAR,2435,1305,1104,26
 2020-06-21,XIV,PERUNGUDI,854,431,413,10
 2020-06-21,XV,SOZHINGANALLUR,775,438,333,4
 2020-06-21,,OTHER DISTRICT,955,427,519,9
 2020-06-22,I,THIRUVOTTIYUR,1587,808,744,35
 2020-06-22,II,MANALI,624,331,285,8
 2020-06-22,III,MADHAVARAM,1191,615,561,15
 2020-06-22,IV,TONDIARPET,5227,2796,2347,84
 2020-06-22,V,ROYAPURAM,6484,3972,2403,109
 2020-06-22,VI,THIRU VI KA NAGAR,3628,2268,1284,76
 2020-06-22,VII,AMBATTUR,1601,935,647,19
 2020-06-22,VIII,ANNA NAGAR,4585,2265,2263,57
 2020-06-22,IX,TEYNAMPET,5110,2920,2101,89
 2020-06-22,X,KODAMBAKKAM,4649,2591,2007,51
 2020-06-22,XI,VALASARAVAKKAM,1784,1103,663,18
 2020-06-22,XII,ALANDUR,965,481,473,11
 2020-06-22,XIII,ADYAR,2531,1345,1160,26
 2020-06-22,XIV,PERUNGUDI,884,443,430,11
 2020-06-22,XV,SOZHINGANALLUR,808,453,351,4
 2020-06-22,,OTHER DISTRICT,1093,430,653,10
 2020-06-23,I,THIRUVOTTIYUR,1652,819,796,37
 2020-06-23,II,MANALI,669,342,318,9
 2020-06-23,III,MADHAVARAM,1262,640,606,16
 2020-06-23,IV,TONDIARPET,5355,2896,2373,86
 2020-06-23,V,ROYAPURAM,6607,4086,2408,113
 2020-06-23,VI,THIRU VI KA NAGAR,3741,2346,1318,77
 2020-06-23,VII,AMBATTUR,1644,985,639,20
 2020-06-23,VIII,ANNA NAGAR,4766,2370,2338,58
 2020-06-23,IX,TEYNAMPET,5213,3052,2068,93
 2020-06-23,X,KODAMBAKKAM,4794,2688,2054,52
 2020-06-23,XI,VALASARAVAKKAM,1880,1167,695,18
 2020-06-23,XII,ALANDUR,978,488,479,11
 2020-06-23,XIII,ADYAR,2684,1400,1255,29
 2020-06-23,XIV,PERUNGUDI,899,461,427,11
 2020-06-23,XV,SOZHINGANALLUR,860,480,376,4
 2020-06-23,,OTHER DISTRICT,1200,450,739,11
 2020-06-24,I,THIRUVOTTIYUR,1755,934,783,38
 2020-06-24,II,MANALI,718,347,361,10
 2020-06-24,III,MADHAVARAM,1383,776,591,16
 2020-06-24,IV,TONDIARPET,5531,3553,1891,87
 2020-06-24,V,ROYAPURAM,6837,4171,2552,114
 2020-06-24,VI,THIRU VI KA NAGAR,3896,2611,1205,80
 2020-06-24,VII,AMBATTUR,1741,1030,690,21
 2020-06-24,VIII,ANNA NAGAR,4922,2449,2414,59
 2020-06-24,IX,TEYNAMPET,5316,3188,2031,97
 2020-06-24,X,KODAMBAKKAM,4908,2826,2024,58
 2020-06-24,XI,VALASARAVAKKAM,1957,1193,746,18
 2020-06-24,XII,ALANDUR,1124,508,604,12
 2020-06-24,XIII,ADYAR,2777,1443,1303,31
 2020-06-24,XIV,PERUNGUDI,916,479,426,11
 2020-06-24,XV,SOZHINGANALLUR,894,485,404,5
 2020-06-24,,OTHER DISTRICT,1138,479,648,11
 2020-06-25,I,THIRUVOTTIYUR,1787,959,789,39
 2020-06-25,II,MANALI,726,370,346,10
 2020-06-25,III,MADHAVARAM,1395,800,579,16
 2020-06-25,IV,TONDIARPET,5717,3642,1986,89
 2020-06-25,V,ROYAPURAM,6951,4347,2486,118
 2020-06-25,VI,THIRU VI KA NAGAR,3981,2677,1233,81
 2020-06-25,VII,AMBATTUR,1859,1054,782,23
 2020-06-25,VIII,ANNA NAGAR,5260,2603,2596,61
 2020-06-25,IX,TEYNAMPET,5534,3414,2016,104
 2020-06-25,X,KODAMBAKKAM,5216,3029,2125,62
 2020-06-25,XI,VALASARAVAKKAM,2058,1258,780,20
 2020-06-25,XII,ALANDUR,1149,573,564,12
 2020-06-25,XIII,ADYAR,2922,1574,1316,32
 2020-06-25,XIV,PERUNGUDI,928,585,331,12
 2020-06-25,XV,SOZHINGANALLUR,984,545,434,5
 2020-06-25,,OTHER DISTRICT,1182,556,616,10
 2020-06-26,I,THIRUVOTTIYUR,1912,974,896,42
 2020-06-26,II,MANALI,798,375,412,11
 2020-06-26,III,MADHAVARAM,1524,825,682,17
 2020-06-26,IV,TONDIARPET,5989,3688,2203,98
 2020-06-26,V,ROYAPURAM,7211,4405,2683,123
 2020-06-26,VI,THIRU VI KA NAGAR,4132,2757,1291,84
 2020-06-26,VII,AMBATTUR,1982,1203,755,24
 2020-06-26,VIII,ANNA NAGAR,5397,2736,2597,64
 2020-06-26,IX,TEYNAMPET,5655,3461,2086,108
 2020-06-26,X,KODAMBAKKAM,5316,3265,1988,63
 2020-06-26,XI,VALASARAVAKKAM,2201,1272,908,21
 2020-06-26,XII,ALANDUR,1229,593,622,14
 2020-06-26,XIII,ADYAR,3057,1599,1423,35
 2020-06-26,XIV,PERUNGUDI,944,590,342,12
 2020-06-26,XV,SOZHINGANALLUR,1037,554,478,5
 2020-06-26,,OTHER DISTRICT,1305,526,770,9
