dateRep,geoId,countriesAndTerritories,cases,deaths
 2020-03-29,I,THIRUVOTTIYUR,0,0
 2020-04-03,I,THIRUVOTTIYUR,2,0
 2020-04-06,I,THIRUVOTTIYUR,3,0
 2020-04-07,I,THIRUVOTTIYUR,4,0
 2020-04-08,I,THIRUVOTTIYUR,4,0
 2020-04-09,I,THIRUVOTTIYUR,4,0
 2020-04-10,I,THIRUVOTTIYUR,4,0
 2020-04-11,I,THIRUVOTTIYUR,4,0
 2020-04-12,I,THIRUVOTTIYUR,4,0
 2020-04-13,I,THIRUVOTTIYUR,4,0
 2020-04-14,I,THIRUVOTTIYUR,4,0
 2020-04-15,I,THIRUVOTTIYUR,4,0
 2020-04-16,I,THIRUVOTTIYUR,4,0
 2020-04-17,I,THIRUVOTTIYUR,5,0
 2020-04-18,I,THIRUVOTTIYUR,5,0
 2020-04-19,I,THIRUVOTTIYUR,5,0
 2020-04-20,I,THIRUVOTTIYUR,9,0
 2020-04-21,I,THIRUVOTTIYUR,12,0
 2020-04-22,I,THIRUVOTTIYUR,13,0
 2020-04-23,I,THIRUVOTTIYUR,13,0
 2020-04-24,I,THIRUVOTTIYUR,13,0
 2020-04-25,I,THIRUVOTTIYUR,14,0
 2020-04-26,I,THIRUVOTTIYUR,14,0
 2020-04-27,I,THIRUVOTTIYUR,15,0
 2020-04-28,I,THIRUVOTTIYUR,15,0
 2020-04-29,I,THIRUVOTTIYUR,16,0
 2020-04-30,I,THIRUVOTTIYUR,16,0
 2020-05-01,I,THIRUVOTTIYUR,19,0
 2020-05-02,I,THIRUVOTTIYUR,20,0
 2020-05-03,I,THIRUVOTTIYUR,22,0
 2020-05-04,I,THIRUVOTTIYUR,29,0
 2020-05-05,I,THIRUVOTTIYUR,32,0
 2020-05-06,I,THIRUVOTTIYUR,40,0
 2020-05-07,I,THIRUVOTTIYUR,43,0
 2020-05-08,I,THIRUVOTTIYUR,45,0
 2020-05-09,I,THIRUVOTTIYUR,64,0
 2020-05-10,I,THIRUVOTTIYUR,84,0
 2020-05-11,I,THIRUVOTTIYUR,98,0
 2020-05-12,I,THIRUVOTTIYUR,118,0
 2020-05-13,I,THIRUVOTTIYUR,120,0
 2020-05-14,I,THIRUVOTTIYUR,127,0
 2020-05-15,I,THIRUVOTTIYUR,133,0
 2020-05-16,I,THIRUVOTTIYUR,137,0
 2020-05-17,I,THIRUVOTTIYUR,147,0
 2020-05-18,I,THIRUVOTTIYUR,161,0
 2020-05-19,I,THIRUVOTTIYUR,182,0
 2020-05-20,I,THIRUVOTTIYUR,221,0
 2020-05-21,I,THIRUVOTTIYUR,228,0
 2020-05-22,I,THIRUVOTTIYUR,250,0
 2020-05-23,I,THIRUVOTTIYUR,274,0
 2020-05-24,I,THIRUVOTTIYUR,300,0
 2020-05-25,I,THIRUVOTTIYUR,322,0
 2020-05-26,I,THIRUVOTTIYUR,344,0
 2020-05-27,I,THIRUVOTTIYUR,369,0
 2020-05-28,I,THIRUVOTTIYUR,377,0
 2020-05-29,I,THIRUVOTTIYUR,414,0
 2020-05-30,I,THIRUVOTTIYUR,439,0
 2020-05-31,I,THIRUVOTTIYUR,484,0
 2020-06-01,I,THIRUVOTTIYUR,534,0
 2020-06-02,I,THIRUVOTTIYUR,559,0
 2020-06-03,I,THIRUVOTTIYUR,610,0
 2020-06-04,I,THIRUVOTTIYUR,670,2
 2020-06-05,I,THIRUVOTTIYUR,731,2
 2020-06-06,I,THIRUVOTTIYUR,784,3
 2020-06-07,I,THIRUVOTTIYUR,813,3
 2020-06-08,I,THIRUVOTTIYUR,870,3
 2020-06-09,I,THIRUVOTTIYUR,934,3
 2020-06-10,I,THIRUVOTTIYUR,972,5
 2020-06-11,I,THIRUVOTTIYUR,1024,6
 2020-06-12,I,THIRUVOTTIYUR,1072,7
 2020-06-13,I,THIRUVOTTIYUR,1113,9
 2020-06-14,I,THIRUVOTTIYUR,1171,11
 2020-06-15,I,THIRUVOTTIYUR,1224,13
 2020-06-16,I,THIRUVOTTIYUR,1258,20
 2020-06-17,I,THIRUVOTTIYUR,1324,23
 2020-06-18,I,THIRUVOTTIYUR,1370,26
 2020-06-19,I,THIRUVOTTIYUR,1434,28
 2020-06-20,I,THIRUVOTTIYUR,1483,28
 2020-06-21,I,THIRUVOTTIYUR,1545,32
 2020-06-22,I,THIRUVOTTIYUR,1587,35
 2020-06-23,I,THIRUVOTTIYUR,1652,37
 2020-06-24,I,THIRUVOTTIYUR,1755,38
 2020-06-25,I,THIRUVOTTIYUR,1787,39
 2020-06-26,I,THIRUVOTTIYUR,1912,42
 2020-06-27,I,THIRUVOTTIYUR,2019,42
 2020-06-28,I,THIRUVOTTIYUR,2123,46
 2020-06-29,I,THIRUVOTTIYUR,2220,48
 2020-06-30,I,THIRUVOTTIYUR,2276,53
 2020-07-01,I,THIRUVOTTIYUR,2329,55
 2020-07-02,I,THIRUVOTTIYUR,2480,57
 2020-07-03,I,THIRUVOTTIYUR,2601,59
 2020-07-04,I,THIRUVOTTIYUR,2643,60
 2020-07-05,I,THIRUVOTTIYUR,2653,61
 2020-07-06,I,THIRUVOTTIYUR,2705,62
 2020-07-07,I,THIRUVOTTIYUR,2792,65
 2020-07-08,I,THIRUVOTTIYUR,2845,65
 2020-03-29,II,MANALI,0,0
 2020-04-03,II,MANALI,0,0
 2020-04-06,II,MANALI,0,0
 2020-04-07,II,MANALI,0,0
 2020-04-08,II,MANALI,0,0
 2020-04-09,II,MANALI,0,0
 2020-04-10,II,MANALI,0,0
 2020-04-11,II,MANALI,0,0
 2020-04-12,II,MANALI,0,0
 2020-04-13,II,MANALI,0,0
 2020-04-14,II,MANALI,0,0
 2020-04-15,II,MANALI,0,0
 2020-04-16,II,MANALI,0,0
 2020-04-17,II,MANALI,0,0
 2020-04-18,II,MANALI,0,0
 2020-04-19,II,MANALI,0,0
 2020-04-20,II,MANALI,0,0
 2020-04-21,II,MANALI,0,0
 2020-04-22,II,MANALI,1,0
 2020-04-23,II,MANALI,1,0
 2020-04-24,II,MANALI,1,0
 2020-04-25,II,MANALI,1,0
 2020-04-26,II,MANALI,1,0
 2020-04-27,II,MANALI,1,0
 2020-04-28,II,MANALI,1,0
 2020-04-29,II,MANALI,1,0
 2020-04-30,II,MANALI,2,0
 2020-05-01,II,MANALI,3,0
 2020-05-02,II,MANALI,5,0
 2020-05-03,II,MANALI,5,0
 2020-05-04,II,MANALI,10,0
 2020-05-05,II,MANALI,13,0
 2020-05-06,II,MANALI,13,0
 2020-05-07,II,MANALI,14,0
 2020-05-08,II,MANALI,19,0
 2020-05-09,II,MANALI,27,0
 2020-05-10,II,MANALI,42,0
 2020-05-11,II,MANALI,50,0
 2020-05-12,II,MANALI,51,0
 2020-05-13,II,MANALI,66,0
 2020-05-14,II,MANALI,75,0
 2020-05-15,II,MANALI,79,0
 2020-05-16,II,MANALI,84,0
 2020-05-17,II,MANALI,86,0
 2020-05-18,II,MANALI,93,0
 2020-05-19,II,MANALI,100,0
 2020-05-20,II,MANALI,108,0
 2020-05-21,II,MANALI,115,0
 2020-05-22,II,MANALI,115,0
 2020-05-23,II,MANALI,126,0
 2020-05-24,II,MANALI,142,0
 2020-05-25,II,MANALI,152,0
 2020-05-26,II,MANALI,156,0
 2020-05-27,II,MANALI,168,0
 2020-05-28,II,MANALI,175,0
 2020-05-29,II,MANALI,190,0
 2020-05-30,II,MANALI,203,0
 2020-05-31,II,MANALI,206,2
 2020-06-01,II,MANALI,222,2
 2020-06-02,II,MANALI,228,3
 2020-06-03,II,MANALI,246,3
 2020-06-04,II,MANALI,259,3
 2020-06-05,II,MANALI,274,3
 2020-06-06,II,MANALI,312,3
 2020-06-07,II,MANALI,328,3
 2020-06-08,II,MANALI,343,3
 2020-06-09,II,MANALI,362,4
 2020-06-10,II,MANALI,383,4
 2020-06-11,II,MANALI,405,4
 2020-06-12,II,MANALI,418,4
 2020-06-13,II,MANALI,434,4
 2020-06-14,II,MANALI,448,4
 2020-06-15,II,MANALI,470,4
 2020-06-16,II,MANALI,483,5
 2020-06-17,II,MANALI,503,6
 2020-06-18,II,MANALI,525,7
 2020-06-19,II,MANALI,547,8
 2020-06-20,II,MANALI,560,8
 2020-06-21,II,MANALI,581,8
 2020-06-22,II,MANALI,624,8
 2020-06-23,II,MANALI,669,9
 2020-06-24,II,MANALI,718,10
 2020-06-25,II,MANALI,726,10
 2020-06-26,II,MANALI,798,11
 2020-06-27,II,MANALI,868,11
 2020-06-28,II,MANALI,920,12
 2020-06-29,II,MANALI,949,12
 2020-06-30,II,MANALI,991,12
 2020-07-01,II,MANALI,1091,12
 2020-07-02,II,MANALI,1116,12
 2020-07-03,II,MANALI,1169,12
 2020-07-04,II,MANALI,1171,14
 2020-07-05,II,MANALI,1222,14
 2020-07-06,II,MANALI,1296,15
 2020-07-07,II,MANALI,1303,15
 2020-07-08,II,MANALI,1313,15
 2020-03-29,III,MADHAVARAM,0,0
 2020-04-03,III,MADHAVARAM,0,0
 2020-04-06,III,MADHAVARAM,3,0
 2020-04-07,III,MADHAVARAM,3,0
 2020-04-08,III,MADHAVARAM,3,0
 2020-04-09,III,MADHAVARAM,3,0
 2020-04-10,III,MADHAVARAM,3,0
 2020-04-11,III,MADHAVARAM,3,0
 2020-04-12,III,MADHAVARAM,3,0
 2020-04-13,III,MADHAVARAM,3,0
 2020-04-14,III,MADHAVARAM,3,0
 2020-04-15,III,MADHAVARAM,3,0
 2020-04-16,III,MADHAVARAM,3,0
 2020-04-17,III,MADHAVARAM,3,0
 2020-04-18,III,MADHAVARAM,3,0
 2020-04-19,III,MADHAVARAM,3,0
 2020-04-20,III,MADHAVARAM,3,0
 2020-04-21,III,MADHAVARAM,3,0
 2020-04-22,III,MADHAVARAM,3,0
 2020-04-23,III,MADHAVARAM,3,0
 2020-04-24,III,MADHAVARAM,3,0
 2020-04-25,III,MADHAVARAM,3,0
 2020-04-26,III,MADHAVARAM,3,0
 2020-04-27,III,MADHAVARAM,3,0
 2020-04-28,III,MADHAVARAM,4,0
 2020-04-29,III,MADHAVARAM,4,0
 2020-04-30,III,MADHAVARAM,4,0
 2020-05-01,III,MADHAVARAM,4,0
 2020-05-02,III,MADHAVARAM,8,0
 2020-05-03,III,MADHAVARAM,9,0
 2020-05-04,III,MADHAVARAM,24,0
 2020-05-05,III,MADHAVARAM,27,0
 2020-05-06,III,MADHAVARAM,30,0
 2020-05-07,III,MADHAVARAM,33,0
 2020-05-08,III,MADHAVARAM,35,0
 2020-05-09,III,MADHAVARAM,46,0
 2020-05-10,III,MADHAVARAM,54,0
 2020-05-11,III,MADHAVARAM,65,0
 2020-05-12,III,MADHAVARAM,68,0
 2020-05-13,III,MADHAVARAM,72,1
 2020-05-14,III,MADHAVARAM,85,1
 2020-05-15,III,MADHAVARAM,92,1
 2020-05-16,III,MADHAVARAM,105,1
 2020-05-17,III,MADHAVARAM,121,1
 2020-05-18,III,MADHAVARAM,133,1
 2020-05-19,III,MADHAVARAM,155,1
 2020-05-20,III,MADHAVARAM,172,1
 2020-05-21,III,MADHAVARAM,186,1
 2020-05-22,III,MADHAVARAM,192,1
 2020-05-23,III,MADHAVARAM,213,1
 2020-05-24,III,MADHAVARAM,223,1
 2020-05-25,III,MADHAVARAM,237,1
 2020-05-26,III,MADHAVARAM,256,1
 2020-05-27,III,MADHAVARAM,274,1
 2020-05-28,III,MADHAVARAM,280,1
 2020-05-29,III,MADHAVARAM,298,1
 2020-05-30,III,MADHAVARAM,345,1
 2020-05-31,III,MADHAVARAM,364,1
 2020-06-01,III,MADHAVARAM,378,1
 2020-06-02,III,MADHAVARAM,400,1
 2020-06-03,III,MADHAVARAM,431,1
 2020-06-04,III,MADHAVARAM,490,2
 2020-06-05,III,MADHAVARAM,536,2
 2020-06-06,III,MADHAVARAM,579,2
 2020-06-07,III,MADHAVARAM,614,2
 2020-06-08,III,MADHAVARAM,650,2
 2020-06-09,III,MADHAVARAM,682,2
 2020-06-10,III,MADHAVARAM,724,2
 2020-06-11,III,MADHAVARAM,747,2
 2020-06-12,III,MADHAVARAM,780,2
 2020-06-13,III,MADHAVARAM,814,2
 2020-06-14,III,MADHAVARAM,854,2
 2020-06-15,III,MADHAVARAM,894,3
 2020-06-16,III,MADHAVARAM,922,3
 2020-06-17,III,MADHAVARAM,955,5
 2020-06-18,III,MADHAVARAM,999,10
 2020-06-19,III,MADHAVARAM,1046,11
 2020-06-20,III,MADHAVARAM,1095,11
 2020-06-21,III,MADHAVARAM,1135,14
 2020-06-22,III,MADHAVARAM,1191,15
 2020-06-23,III,MADHAVARAM,1262,16
 2020-06-24,III,MADHAVARAM,1383,16
 2020-06-25,III,MADHAVARAM,1395,16
 2020-06-26,III,MADHAVARAM,1524,17
 2020-06-27,III,MADHAVARAM,1655,19
 2020-06-28,III,MADHAVARAM,1761,19
 2020-06-29,III,MADHAVARAM,1819,20
 2020-06-30,III,MADHAVARAM,1872,22
 2020-07-01,III,MADHAVARAM,1971,23
 2020-07-02,III,MADHAVARAM,2027,23
 2020-07-03,III,MADHAVARAM,2113,23
 2020-07-04,III,MADHAVARAM,2166,23
 2020-07-05,III,MADHAVARAM,2211,24
 2020-07-06,III,MADHAVARAM,2257,25
 2020-07-07,III,MADHAVARAM,2297,27
 2020-07-08,III,MADHAVARAM,2306,31
 2020-03-29,IV,TONDIARPET,0,0
 2020-04-03,IV,TONDIARPET,5,0
 2020-04-06,IV,TONDIARPET,7,0
 2020-04-07,IV,TONDIARPET,12,0
 2020-04-08,IV,TONDIARPET,13,0
 2020-04-09,IV,TONDIARPET,14,0
 2020-04-10,IV,TONDIARPET,14,0
 2020-04-11,IV,TONDIARPET,14,0
 2020-04-12,IV,TONDIARPET,17,0
 2020-04-13,IV,TONDIARPET,17,0
 2020-04-14,IV,TONDIARPET,19,1
 2020-04-15,IV,TONDIARPET,19,1
 2020-04-16,IV,TONDIARPET,20,1
 2020-04-17,IV,TONDIARPET,20,1
 2020-04-18,IV,TONDIARPET,26,1
 2020-04-19,IV,TONDIARPET,30,1
 2020-04-20,IV,TONDIARPET,37,1
 2020-04-21,IV,TONDIARPET,46,1
 2020-04-22,IV,TONDIARPET,46,1
 2020-04-23,IV,TONDIARPET,56,1
 2020-04-24,IV,TONDIARPET,59,1
 2020-04-25,IV,TONDIARPET,64,1
 2020-04-26,IV,TONDIARPET,65,1
 2020-04-27,IV,TONDIARPET,66,1
 2020-04-28,IV,TONDIARPET,70,1
 2020-04-29,IV,TONDIARPET,77,1
 2020-04-30,IV,TONDIARPET,77,1
 2020-05-01,IV,TONDIARPET,101,1
 2020-05-02,IV,TONDIARPET,110,1
 2020-05-03,IV,TONDIARPET,118,1
 2020-05-04,IV,TONDIARPET,136,1
 2020-05-05,IV,TONDIARPET,149,1
 2020-05-06,IV,TONDIARPET,168,1
 2020-05-07,IV,TONDIARPET,184,1
 2020-05-08,IV,TONDIARPET,207,1
 2020-05-09,IV,TONDIARPET,231,1
 2020-05-10,IV,TONDIARPET,274,1
 2020-05-11,IV,TONDIARPET,327,2
 2020-05-12,IV,TONDIARPET,362,4
 2020-05-13,IV,TONDIARPET,402,4
 2020-05-14,IV,TONDIARPET,437,4
 2020-05-15,IV,TONDIARPET,474,5
 2020-05-16,IV,TONDIARPET,528,5
 2020-05-17,IV,TONDIARPET,581,5
 2020-05-18,IV,TONDIARPET,610,7
 2020-05-19,IV,TONDIARPET,723,7
 2020-05-20,IV,TONDIARPET,773,8
 2020-05-21,IV,TONDIARPET,823,9
 2020-05-22,IV,TONDIARPET,881,10
 2020-05-23,IV,TONDIARPET,974,11
 2020-05-24,IV,TONDIARPET,1044,11
 2020-05-25,IV,TONDIARPET,1096,11
 2020-05-26,IV,TONDIARPET,1160,11
 2020-05-27,IV,TONDIARPET,1262,11
 2020-05-28,IV,TONDIARPET,1322,11
 2020-05-29,IV,TONDIARPET,1425,13
 2020-05-30,IV,TONDIARPET,1536,14
 2020-05-31,IV,TONDIARPET,1661,15
 2020-06-01,IV,TONDIARPET,1839,15
 2020-06-02,IV,TONDIARPET,2007,15
 2020-06-03,IV,TONDIARPET,2093,15
 2020-06-04,IV,TONDIARPET,2261,21
 2020-06-05,IV,TONDIARPET,2470,21
 2020-06-06,IV,TONDIARPET,2646,22
 2020-06-07,IV,TONDIARPET,2835,23
 2020-06-08,IV,TONDIARPET,3019,26
 2020-06-09,IV,TONDIARPET,3192,29
 2020-06-10,IV,TONDIARPET,3405,31
 2020-06-11,IV,TONDIARPET,3584,34
 2020-06-12,IV,TONDIARPET,3781,37
 2020-06-13,IV,TONDIARPET,3928,40
 2020-06-14,IV,TONDIARPET,4082,42
 2020-06-15,IV,TONDIARPET,4226,52
 2020-06-16,IV,TONDIARPET,4370,58
 2020-06-17,IV,TONDIARPET,4549,63
 2020-06-18,IV,TONDIARPET,4743,67
 2020-06-19,IV,TONDIARPET,4869,72
 2020-06-20,IV,TONDIARPET,4963,72
 2020-06-21,IV,TONDIARPET,5116,80
 2020-06-22,IV,TONDIARPET,5227,84
 2020-06-23,IV,TONDIARPET,5355,86
 2020-06-24,IV,TONDIARPET,5531,87
 2020-06-25,IV,TONDIARPET,5717,89
 2020-06-26,IV,TONDIARPET,5989,98
 2020-06-27,IV,TONDIARPET,6221,104
 2020-06-28,IV,TONDIARPET,6393,112
 2020-06-29,IV,TONDIARPET,6539,122
 2020-06-30,IV,TONDIARPET,6637,131
 2020-07-01,IV,TONDIARPET,6788,136
 2020-07-02,IV,TONDIARPET,6941,140
 2020-07-03,IV,TONDIARPET,7193,143
 2020-07-04,IV,TONDIARPET,7487,149
 2020-07-05,IV,TONDIARPET,7574,153
 2020-07-06,IV,TONDIARPET,7762,161
 2020-07-07,IV,TONDIARPET,7875,163
 2020-07-08,IV,TONDIARPET,7943,166
 2020-03-29,IX,TEYNAMPET,1,0
 2020-04-03,IX,TEYNAMPET,4,0
 2020-04-06,IX,TEYNAMPET,10,0
 2020-04-07,IX,TEYNAMPET,11,0
 2020-04-08,IX,TEYNAMPET,11,0
 2020-04-09,IX,TEYNAMPET,12,0
 2020-04-10,IX,TEYNAMPET,12,0
 2020-04-11,IX,TEYNAMPET,14,0
 2020-04-12,IX,TEYNAMPET,14,0
 2020-04-13,IX,TEYNAMPET,14,0
 2020-04-14,IX,TEYNAMPET,15,0
 2020-04-15,IX,TEYNAMPET,16,0
 2020-04-16,IX,TEYNAMPET,19,0
 2020-04-17,IX,TEYNAMPET,19,0
 2020-04-18,IX,TEYNAMPET,19,0
 2020-04-19,IX,TEYNAMPET,36,0
 2020-04-20,IX,TEYNAMPET,38,0
 2020-04-21,IX,TEYNAMPET,42,0
 2020-04-22,IX,TEYNAMPET,44,0
 2020-04-23,IX,TEYNAMPET,45,0
 2020-04-24,IX,TEYNAMPET,53,0
 2020-04-25,IX,TEYNAMPET,54,0
 2020-04-26,IX,TEYNAMPET,55,0
 2020-04-27,IX,TEYNAMPET,56,0
 2020-04-28,IX,TEYNAMPET,81,0
 2020-04-29,IX,TEYNAMPET,85,0
 2020-04-30,IX,TEYNAMPET,105,0
 2020-05-01,IX,TEYNAMPET,132,0
 2020-05-02,IX,TEYNAMPET,145,0
 2020-05-03,IX,TEYNAMPET,166,0
 2020-05-04,IX,TEYNAMPET,206,0
 2020-05-05,IX,TEYNAMPET,230,0
 2020-05-06,IX,TEYNAMPET,285,0
 2020-05-07,IX,TEYNAMPET,316,0
 2020-05-08,IX,TEYNAMPET,343,1
 2020-05-09,IX,TEYNAMPET,360,1
 2020-05-10,IX,TEYNAMPET,412,1
 2020-05-11,IX,TEYNAMPET,458,3
 2020-05-12,IX,TEYNAMPET,522,3
 2020-05-13,IX,TEYNAMPET,564,3
 2020-05-14,IX,TEYNAMPET,608,4
 2020-05-15,IX,TEYNAMPET,640,5
 2020-05-16,IX,TEYNAMPET,669,5
 2020-05-17,IX,TEYNAMPET,746,5
 2020-05-18,IX,TEYNAMPET,786,5
 2020-05-19,IX,TEYNAMPET,822,5
 2020-05-20,IX,TEYNAMPET,869,5
 2020-05-21,IX,TEYNAMPET,926,6
 2020-05-22,IX,TEYNAMPET,1000,6
 2020-05-23,IX,TEYNAMPET,1054,7
 2020-05-24,IX,TEYNAMPET,1118,8
 2020-05-25,IX,TEYNAMPET,1188,9
 2020-05-26,IX,TEYNAMPET,1262,11
 2020-05-27,IX,TEYNAMPET,1317,12
 2020-05-28,IX,TEYNAMPET,1412,14
 2020-05-29,IX,TEYNAMPET,1500,14
 2020-05-30,IX,TEYNAMPET,1557,15
 2020-05-31,IX,TEYNAMPET,1662,17
 2020-06-01,IX,TEYNAMPET,1770,17
 2020-06-02,IX,TEYNAMPET,1871,19
 2020-06-03,IX,TEYNAMPET,2014,20
 2020-06-04,IX,TEYNAMPET,2136,23
 2020-06-05,IX,TEYNAMPET,2245,27
 2020-06-06,IX,TEYNAMPET,2374,31
 2020-06-07,IX,TEYNAMPET,2518,33
 2020-06-08,IX,TEYNAMPET,2646,34
 2020-06-09,IX,TEYNAMPET,2846,37
 2020-06-10,IX,TEYNAMPET,3069,39
 2020-06-11,IX,TEYNAMPET,3291,42
 2020-06-12,IX,TEYNAMPET,3464,44
 2020-06-13,IX,TEYNAMPET,3652,47
 2020-06-14,IX,TEYNAMPET,3844,51
 2020-06-15,IX,TEYNAMPET,4031,55
 2020-06-16,IX,TEYNAMPET,4143,60
 2020-06-17,IX,TEYNAMPET,4334,64
 2020-06-18,IX,TEYNAMPET,4504,69
 2020-06-19,IX,TEYNAMPET,4652,70
 2020-06-20,IX,TEYNAMPET,4785,70
 2020-06-21,IX,TEYNAMPET,4967,82
 2020-06-22,IX,TEYNAMPET,5110,89
 2020-06-23,IX,TEYNAMPET,5213,93
 2020-06-24,IX,TEYNAMPET,5316,97
 2020-06-25,IX,TEYNAMPET,5534,104
 2020-06-26,IX,TEYNAMPET,5655,108
 2020-06-27,IX,TEYNAMPET,5758,119
 2020-06-28,IX,TEYNAMPET,6033,124
 2020-06-29,IX,TEYNAMPET,6195,130
 2020-06-30,IX,TEYNAMPET,6547,134
 2020-07-01,IX,TEYNAMPET,6773,139
 2020-07-02,IX,TEYNAMPET,7017,146
 2020-07-03,IX,TEYNAMPET,7247,151
 2020-07-04,IX,TEYNAMPET,7438,157
 2020-07-05,IX,TEYNAMPET,7630,158
 2020-07-06,IX,TEYNAMPET,7775,162
 2020-07-07,IX,TEYNAMPET,7879,167
 2020-07-08,IX,TEYNAMPET,8054,171
 2020-03-29,V,ROYAPURAM,0,0
 2020-04-03,V,ROYAPURAM,10,0
 2020-04-06,V,ROYAPURAM,27,0
 2020-04-07,V,ROYAPURAM,40,0
 2020-04-08,V,ROYAPURAM,43,0
 2020-04-09,V,ROYAPURAM,45,0
 2020-04-10,V,ROYAPURAM,46,0
 2020-04-11,V,ROYAPURAM,51,0
 2020-04-12,V,ROYAPURAM,63,0
 2020-04-13,V,ROYAPURAM,63,0
 2020-04-14,V,ROYAPURAM,63,3
 2020-04-15,V,ROYAPURAM,63,5
 2020-04-16,V,ROYAPURAM,65,5
 2020-04-17,V,ROYAPURAM,73,5
 2020-04-18,V,ROYAPURAM,73,5
 2020-04-19,V,ROYAPURAM,91,5
 2020-04-20,V,ROYAPURAM,92,5
 2020-04-21,V,ROYAPURAM,116,5
 2020-04-22,V,ROYAPURAM,117,5
 2020-04-23,V,ROYAPURAM,118,5
 2020-04-24,V,ROYAPURAM,133,5
 2020-04-25,V,ROYAPURAM,137,5
 2020-04-26,V,ROYAPURAM,145,5
 2020-04-27,V,ROYAPURAM,158,5
 2020-04-28,V,ROYAPURAM,164,5
 2020-04-29,V,ROYAPURAM,189,6
 2020-04-30,V,ROYAPURAM,199,6
 2020-05-01,V,ROYAPURAM,216,6
 2020-05-02,V,ROYAPURAM,252,7
 2020-05-03,V,ROYAPURAM,275,7
 2020-05-04,V,ROYAPURAM,299,8
 2020-05-05,V,ROYAPURAM,321,8
 2020-05-06,V,ROYAPURAM,375,8
 2020-05-07,V,ROYAPURAM,422,8
 2020-05-08,V,ROYAPURAM,490,8
 2020-05-09,V,ROYAPURAM,571,8
 2020-05-10,V,ROYAPURAM,676,9
 2020-05-11,V,ROYAPURAM,742,10
 2020-05-12,V,ROYAPURAM,828,10
 2020-05-13,V,ROYAPURAM,890,11
 2020-05-14,V,ROYAPURAM,971,12
 2020-05-15,V,ROYAPURAM,1047,13
 2020-05-16,V,ROYAPURAM,1112,13
 2020-05-17,V,ROYAPURAM,1185,14
 2020-05-18,V,ROYAPURAM,1272,14
 2020-05-19,V,ROYAPURAM,1423,15
 2020-05-20,V,ROYAPURAM,1538,15
 2020-05-21,V,ROYAPURAM,1699,15
 2020-05-22,V,ROYAPURAM,1768,15
 2020-05-23,V,ROYAPURAM,1889,17
 2020-05-24,V,ROYAPURAM,1981,20
 2020-05-25,V,ROYAPURAM,2065,21
 2020-05-26,V,ROYAPURAM,2145,22
 2020-05-27,V,ROYAPURAM,2252,24
 2020-05-28,V,ROYAPURAM,2324,26
 2020-05-29,V,ROYAPURAM,2446,28
 2020-05-30,V,ROYAPURAM,2589,29
 2020-05-31,V,ROYAPURAM,2737,29
 2020-06-01,V,ROYAPURAM,2935,30
 2020-06-02,V,ROYAPURAM,3060,31
 2020-06-03,V,ROYAPURAM,3224,31
 2020-06-04,V,ROYAPURAM,3388,35
 2020-06-05,V,ROYAPURAM,3552,38
 2020-06-06,V,ROYAPURAM,3717,40
 2020-06-07,V,ROYAPURAM,3859,45
 2020-06-08,V,ROYAPURAM,4023,46
 2020-06-09,V,ROYAPURAM,4192,52
 2020-06-10,V,ROYAPURAM,4405,54
 2020-06-11,V,ROYAPURAM,4584,56
 2020-06-12,V,ROYAPURAM,4821,58
 2020-06-13,V,ROYAPURAM,5056,62
 2020-06-14,V,ROYAPURAM,5216,66
 2020-06-15,V,ROYAPURAM,5364,72
 2020-06-16,V,ROYAPURAM,5486,79
 2020-06-17,V,ROYAPURAM,5626,83
 2020-06-18,V,ROYAPURAM,5828,90
 2020-06-19,V,ROYAPURAM,5981,97
 2020-06-20,V,ROYAPURAM,6148,97
 2020-06-21,V,ROYAPURAM,6288,109
 2020-06-22,V,ROYAPURAM,6484,109
 2020-06-23,V,ROYAPURAM,6607,113
 2020-06-24,V,ROYAPURAM,6837,114
 2020-06-25,V,ROYAPURAM,6951,118
 2020-06-26,V,ROYAPURAM,7211,123
 2020-06-27,V,ROYAPURAM,7455,128
 2020-06-28,V,ROYAPURAM,7659,130
 2020-06-29,V,ROYAPURAM,7881,135
 2020-06-30,V,ROYAPURAM,8089,141
 2020-07-01,V,ROYAPURAM,8361,145
 2020-07-02,V,ROYAPURAM,8506,148
 2020-07-03,V,ROYAPURAM,8609,150
 2020-07-04,V,ROYAPURAM,8766,152
 2020-07-05,V,ROYAPURAM,8920,154
 2020-07-06,V,ROYAPURAM,8981,156
 2020-07-07,V,ROYAPURAM,9103,161
 2020-07-08,V,ROYAPURAM,9242,161
 2020-03-29,VI,THIRU VI KA NAGAR,0,0
 2020-04-03,VI,THIRU VI KA NAGAR,1,0
 2020-04-06,VI,THIRU VI KA NAGAR,14,0
 2020-04-07,VI,THIRU VI KA NAGAR,22,0
 2020-04-08,VI,THIRU VI KA NAGAR,22,0
 2020-04-09,VI,THIRU VI KA NAGAR,24,0
 2020-04-10,VI,THIRU VI KA NAGAR,25,0
 2020-04-11,VI,THIRU VI KA NAGAR,25,0
 2020-04-12,VI,THIRU VI KA NAGAR,26,0
 2020-04-13,VI,THIRU VI KA NAGAR,26,0
 2020-04-14,VI,THIRU VI KA NAGAR,29,1
 2020-04-15,VI,THIRU VI KA NAGAR,30,1
 2020-04-16,VI,THIRU VI KA NAGAR,32,1
 2020-04-17,VI,THIRU VI KA NAGAR,33,1
 2020-04-18,VI,THIRU VI KA NAGAR,34,1
 2020-04-19,VI,THIRU VI KA NAGAR,38,1
 2020-04-20,VI,THIRU VI KA NAGAR,39,1
 2020-04-21,VI,THIRU VI KA NAGAR,42,1
 2020-04-22,VI,THIRU VI KA NAGAR,45,1
 2020-04-23,VI,THIRU VI KA NAGAR,49,1
 2020-04-24,VI,THIRU VI KA NAGAR,55,2
 2020-04-25,VI,THIRU VI KA NAGAR,80,2
 2020-04-26,VI,THIRU VI KA NAGAR,85,3
 2020-04-27,VI,THIRU VI KA NAGAR,94,3
 2020-04-28,VI,THIRU VI KA NAGAR,128,3
 2020-04-29,VI,THIRU VI KA NAGAR,169,3
 2020-04-30,VI,THIRU VI KA NAGAR,210,3
 2020-05-01,VI,THIRU VI KA NAGAR,259,3
 2020-05-02,VI,THIRU VI KA NAGAR,290,3
 2020-05-03,VI,THIRU VI KA NAGAR,324,3
 2020-05-04,VI,THIRU VI KA NAGAR,357,3
 2020-05-05,VI,THIRU VI KA NAGAR,395,3
 2020-05-06,VI,THIRU VI KA NAGAR,412,4
 2020-05-07,VI,THIRU VI KA NAGAR,448,4
 2020-05-08,VI,THIRU VI KA NAGAR,477,4
 2020-05-09,VI,THIRU VI KA NAGAR,519,5
 2020-05-10,VI,THIRU VI KA NAGAR,556,5
 2020-05-11,VI,THIRU VI KA NAGAR,590,5
 2020-05-12,VI,THIRU VI KA NAGAR,622,6
 2020-05-13,VI,THIRU VI KA NAGAR,662,6
 2020-05-14,VI,THIRU VI KA NAGAR,699,7
 2020-05-15,VI,THIRU VI KA NAGAR,737,7
 2020-05-16,VI,THIRU VI KA NAGAR,750,9
 2020-05-17,VI,THIRU VI KA NAGAR,790,9
 2020-05-18,VI,THIRU VI KA NAGAR,835,9
 2020-05-19,VI,THIRU VI KA NAGAR,900,9
 2020-05-20,VI,THIRU VI KA NAGAR,976,9
 2020-05-21,VI,THIRU VI KA NAGAR,1032,11
 2020-05-22,VI,THIRU VI KA NAGAR,1079,11
 2020-05-23,VI,THIRU VI KA NAGAR,1133,12
 2020-05-24,VI,THIRU VI KA NAGAR,1188,12
 2020-05-25,VI,THIRU VI KA NAGAR,1253,15
 2020-05-26,VI,THIRU VI KA NAGAR,1285,16
 2020-05-27,VI,THIRU VI KA NAGAR,1325,16
 2020-05-28,VI,THIRU VI KA NAGAR,1393,20
 2020-05-29,VI,THIRU VI KA NAGAR,1437,21
 2020-05-30,VI,THIRU VI KA NAGAR,1494,22
 2020-05-31,VI,THIRU VI KA NAGAR,1556,24
 2020-06-01,VI,THIRU VI KA NAGAR,1651,25
 2020-06-02,VI,THIRU VI KA NAGAR,1711,26
 2020-06-03,VI,THIRU VI KA NAGAR,1798,27
 2020-06-04,VI,THIRU VI KA NAGAR,1855,29
 2020-06-05,VI,THIRU VI KA NAGAR,1958,30
 2020-06-06,VI,THIRU VI KA NAGAR,2073,34
 2020-06-07,VI,THIRU VI KA NAGAR,2167,38
 2020-06-08,VI,THIRU VI KA NAGAR,2273,39
 2020-06-09,VI,THIRU VI KA NAGAR,2351,43
 2020-06-10,VI,THIRU VI KA NAGAR,2456,44
 2020-06-11,VI,THIRU VI KA NAGAR,2550,49
 2020-06-12,VI,THIRU VI KA NAGAR,2660,51
 2020-06-13,VI,THIRU VI KA NAGAR,2772,59
 2020-06-14,VI,THIRU VI KA NAGAR,2922,61
 2020-06-15,VI,THIRU VI KA NAGAR,2992,62
 2020-06-16,VI,THIRU VI KA NAGAR,3041,65
 2020-06-17,VI,THIRU VI KA NAGAR,3160,68
 2020-06-18,VI,THIRU VI KA NAGAR,3244,70
 2020-06-19,VI,THIRU VI KA NAGAR,3356,71
 2020-06-20,VI,THIRU VI KA NAGAR,3440,71
 2020-06-21,VI,THIRU VI KA NAGAR,3532,73
 2020-06-22,VI,THIRU VI KA NAGAR,3628,76
 2020-06-23,VI,THIRU VI KA NAGAR,3741,77
 2020-06-24,VI,THIRU VI KA NAGAR,3896,80
 2020-06-25,VI,THIRU VI KA NAGAR,3981,81
 2020-06-26,VI,THIRU VI KA NAGAR,4132,84
 2020-06-27,VI,THIRU VI KA NAGAR,4387,90
 2020-06-28,VI,THIRU VI KA NAGAR,4505,92
 2020-06-29,VI,THIRU VI KA NAGAR,4666,93
 2020-06-30,VI,THIRU VI KA NAGAR,4833,93
 2020-07-01,VI,THIRU VI KA NAGAR,5009,98
 2020-07-02,VI,THIRU VI KA NAGAR,5143,102
 2020-07-03,VI,THIRU VI KA NAGAR,5305,104
 2020-07-04,VI,THIRU VI KA NAGAR,5417,108
 2020-07-05,VI,THIRU VI KA NAGAR,5543,111
 2020-07-06,VI,THIRU VI KA NAGAR,5693,113
 2020-07-07,VI,THIRU VI KA NAGAR,5823,115
 2020-07-08,VI,THIRU VI KA NAGAR,5886,115
 2020-03-29,VII,AMBATTUR,0,0
 2020-04-03,VII,AMBATTUR,0,0
 2020-04-06,VII,AMBATTUR,0,0
 2020-04-07,VII,AMBATTUR,0,0
 2020-04-08,VII,AMBATTUR,0,0
 2020-04-09,VII,AMBATTUR,0,0
 2020-04-10,VII,AMBATTUR,0,0
 2020-04-11,VII,AMBATTUR,0,0
 2020-04-12,VII,AMBATTUR,0,0
 2020-04-13,VII,AMBATTUR,0,0
 2020-04-14,VII,AMBATTUR,0,0
 2020-04-15,VII,AMBATTUR,0,0
 2020-04-16,VII,AMBATTUR,0,0
 2020-04-17,VII,AMBATTUR,0,0
 2020-04-18,VII,AMBATTUR,0,0
 2020-04-19,VII,AMBATTUR,0,0
 2020-04-20,VII,AMBATTUR,0,0
 2020-04-21,VII,AMBATTUR,1,0
 2020-04-22,VII,AMBATTUR,1,0
 2020-04-23,VII,AMBATTUR,1,0
 2020-04-24,VII,AMBATTUR,1,0
 2020-04-25,VII,AMBATTUR,2,0
 2020-04-26,VII,AMBATTUR,2,0
 2020-04-27,VII,AMBATTUR,15,0
 2020-04-28,VII,AMBATTUR,19,0
 2020-04-29,VII,AMBATTUR,20,0
 2020-04-30,VII,AMBATTUR,27,0
 2020-05-01,VII,AMBATTUR,33,0
 2020-05-02,VII,AMBATTUR,42,0
 2020-05-03,VII,AMBATTUR,58,0
 2020-05-04,VII,AMBATTUR,67,0
 2020-05-05,VII,AMBATTUR,98,0
 2020-05-06,VII,AMBATTUR,105,0
 2020-05-07,VII,AMBATTUR,144,0
 2020-05-08,VII,AMBATTUR,164,0
 2020-05-09,VII,AMBATTUR,167,0
 2020-05-10,VII,AMBATTUR,205,0
 2020-05-11,VII,AMBATTUR,224,0
 2020-05-12,VII,AMBATTUR,234,0
 2020-05-13,VII,AMBATTUR,254,0
 2020-05-14,VII,AMBATTUR,276,0
 2020-05-15,VII,AMBATTUR,285,0
 2020-05-16,VII,AMBATTUR,304,0
 2020-05-17,VII,AMBATTUR,317,0
 2020-05-18,VII,AMBATTUR,321,0
 2020-05-19,VII,AMBATTUR,330,0
 2020-05-20,VII,AMBATTUR,352,0
 2020-05-21,VII,AMBATTUR,376,0
 2020-05-22,VII,AMBATTUR,402,0
 2020-05-23,VII,AMBATTUR,415,0
 2020-05-24,VII,AMBATTUR,446,0
 2020-05-25,VII,AMBATTUR,472,0
 2020-05-26,VII,AMBATTUR,484,0
 2020-05-27,VII,AMBATTUR,504,0
 2020-05-28,VII,AMBATTUR,516,0
 2020-05-29,VII,AMBATTUR,539,1
 2020-05-30,VII,AMBATTUR,550,2
 2020-05-31,VII,AMBATTUR,563,2
 2020-06-01,VII,AMBATTUR,587,3
 2020-06-02,VII,AMBATTUR,619,3
 2020-06-03,VII,AMBATTUR,651,4
 2020-06-04,VII,AMBATTUR,684,5
 2020-06-05,VII,AMBATTUR,733,7
 2020-06-06,VII,AMBATTUR,773,7
 2020-06-07,VII,AMBATTUR,807,7
 2020-06-08,VII,AMBATTUR,828,7
 2020-06-09,VII,AMBATTUR,848,7
 2020-06-10,VII,AMBATTUR,901,8
 2020-06-11,VII,AMBATTUR,949,8
 2020-06-12,VII,AMBATTUR,987,9
 2020-06-13,VII,AMBATTUR,1058,9
 2020-06-14,VII,AMBATTUR,1105,10
 2020-06-15,VII,AMBATTUR,1148,12
 2020-06-16,VII,AMBATTUR,1190,13
 2020-06-17,VII,AMBATTUR,1243,13
 2020-06-18,VII,AMBATTUR,1305,14
 2020-06-19,VII,AMBATTUR,1374,18
 2020-06-20,VII,AMBATTUR,1440,18
 2020-06-21,VII,AMBATTUR,1519,19
 2020-06-22,VII,AMBATTUR,1601,19
 2020-06-23,VII,AMBATTUR,1644,20
 2020-06-24,VII,AMBATTUR,1741,21
 2020-06-25,VII,AMBATTUR,1859,23
 2020-06-26,VII,AMBATTUR,1982,24
 2020-06-27,VII,AMBATTUR,2120,25
 2020-06-28,VII,AMBATTUR,2149,25
 2020-06-29,VII,AMBATTUR,2324,25
 2020-06-30,VII,AMBATTUR,2481,29
 2020-07-01,VII,AMBATTUR,2689,30
 2020-07-02,VII,AMBATTUR,2798,32
 2020-07-03,VII,AMBATTUR,2921,32
 2020-07-04,VII,AMBATTUR,2945,34
 2020-07-05,VII,AMBATTUR,3104,35
 2020-07-06,VII,AMBATTUR,3176,35
 2020-07-07,VII,AMBATTUR,3317,39
 2020-07-08,VII,AMBATTUR,3425,41
 2020-03-29,VIII,ANNA NAGAR,5,0
 2020-04-03,VIII,ANNA NAGAR,7,0
 2020-04-06,VIII,ANNA NAGAR,14,0
 2020-04-07,VIII,ANNA NAGAR,15,0
 2020-04-08,VIII,ANNA NAGAR,19,0
 2020-04-09,VIII,ANNA NAGAR,17,0
 2020-04-10,VIII,ANNA NAGAR,22,0
 2020-04-11,VIII,ANNA NAGAR,22,0
 2020-04-12,VIII,ANNA NAGAR,22,0
 2020-04-13,VIII,ANNA NAGAR,22,0
 2020-04-14,VIII,ANNA NAGAR,22,0
 2020-04-15,VIII,ANNA NAGAR,22,0
 2020-04-16,VIII,ANNA NAGAR,23,0
 2020-04-17,VIII,ANNA NAGAR,24,0
 2020-04-18,VIII,ANNA NAGAR,24,0
 2020-04-19,VIII,ANNA NAGAR,26,0
 2020-04-20,VIII,ANNA NAGAR,27,1
 2020-04-21,VIII,ANNA NAGAR,27,1
 2020-04-22,VIII,ANNA NAGAR,32,1
 2020-04-23,VIII,ANNA NAGAR,35,2
 2020-04-24,VIII,ANNA NAGAR,39,3
 2020-04-25,VIII,ANNA NAGAR,43,3
 2020-04-26,VIII,ANNA NAGAR,45,3
 2020-04-27,VIII,ANNA NAGAR,53,3
 2020-04-28,VIII,ANNA NAGAR,65,4
 2020-04-29,VIII,ANNA NAGAR,73,4
 2020-04-30,VIII,ANNA NAGAR,86,4
 2020-05-01,VIII,ANNA NAGAR,91,4
 2020-05-02,VIII,ANNA NAGAR,108,4
 2020-05-03,VIII,ANNA NAGAR,130,4
 2020-05-04,VIII,ANNA NAGAR,144,4
 2020-05-05,VIII,ANNA NAGAR,169,5
 2020-05-06,VIII,ANNA NAGAR,191,5
 2020-05-07,VIII,ANNA NAGAR,206,5
 2020-05-08,VIII,ANNA NAGAR,233,5
 2020-05-09,VIII,ANNA NAGAR,248,6
 2020-05-10,VIII,ANNA NAGAR,301,6
 2020-05-11,VIII,ANNA NAGAR,349,6
 2020-05-12,VIII,ANNA NAGAR,405,8
 2020-05-13,VIII,ANNA NAGAR,448,8
 2020-05-14,VIII,ANNA NAGAR,468,8
 2020-05-15,VIII,ANNA NAGAR,493,8
 2020-05-16,VIII,ANNA NAGAR,514,8
 2020-05-17,VIII,ANNA NAGAR,554,8
 2020-05-18,VIII,ANNA NAGAR,586,8
 2020-05-19,VIII,ANNA NAGAR,610,8
 2020-05-20,VIII,ANNA NAGAR,662,8
 2020-05-21,VIII,ANNA NAGAR,719,8
 2020-05-22,VIII,ANNA NAGAR,783,9
 2020-05-23,VIII,ANNA NAGAR,829,9
 2020-05-24,VIII,ANNA NAGAR,867,10
 2020-05-25,VIII,ANNA NAGAR,924,11
 2020-05-26,VIII,ANNA NAGAR,975,13
 2020-05-27,VIII,ANNA NAGAR,1046,13
 2020-05-28,VIII,ANNA NAGAR,1089,13
 2020-05-29,VIII,ANNA NAGAR,1143,14
 2020-05-30,VIII,ANNA NAGAR,1180,14
 2020-05-31,VIII,ANNA NAGAR,1237,14
 2020-06-01,VIII,ANNA NAGAR,1341,15
 2020-06-02,VIII,ANNA NAGAR,1411,16
 2020-06-03,VIII,ANNA NAGAR,1525,16
 2020-06-04,VIII,ANNA NAGAR,1660,16
 2020-06-05,VIII,ANNA NAGAR,1784,17
 2020-06-06,VIII,ANNA NAGAR,1864,19
 2020-06-07,VIII,ANNA NAGAR,1974,20
 2020-06-08,VIII,ANNA NAGAR,2068,23
 2020-06-09,VIII,ANNA NAGAR,2178,23
 2020-06-10,VIII,ANNA NAGAR,2362,23
 2020-06-11,VIII,ANNA NAGAR,2571,26
 2020-06-12,VIII,ANNA NAGAR,2781,29
 2020-06-13,VIII,ANNA NAGAR,2960,32
 2020-06-14,VIII,ANNA NAGAR,3150,35
 2020-06-15,VIII,ANNA NAGAR,3330,40
 2020-06-16,VIII,ANNA NAGAR,3431,42
 2020-06-17,VIII,ANNA NAGAR,3636,45
 2020-06-18,VIII,ANNA NAGAR,3820,48
 2020-06-19,VIII,ANNA NAGAR,3972,50
 2020-06-20,VIII,ANNA NAGAR,4142,50
 2020-06-21,VIII,ANNA NAGAR,4385,55
 2020-06-22,VIII,ANNA NAGAR,4585,57
 2020-06-23,VIII,ANNA NAGAR,4766,58
 2020-06-24,VIII,ANNA NAGAR,4922,59
 2020-06-25,VIII,ANNA NAGAR,5260,61
 2020-06-26,VIII,ANNA NAGAR,5397,64
 2020-06-27,VIII,ANNA NAGAR,5506,65
 2020-06-28,VIII,ANNA NAGAR,5740,66
 2020-06-29,VIII,ANNA NAGAR,6033,69
 2020-06-30,VIII,ANNA NAGAR,6355,74
 2020-07-01,VIII,ANNA NAGAR,6613,78
 2020-07-02,VIII,ANNA NAGAR,6843,82
 2020-07-03,VIII,ANNA NAGAR,7097,88
 2020-07-04,VIII,ANNA NAGAR,7284,91
 2020-07-05,VIII,ANNA NAGAR,7504,92
 2020-07-06,VIII,ANNA NAGAR,7735,94
 2020-07-07,VIII,ANNA NAGAR,7896,97
 2020-07-08,VIII,ANNA NAGAR,8105,100
 2020-03-29,X,KODAMBAKKAM,5,0
 2020-04-03,X,KODAMBAKKAM,6,0
 2020-04-06,X,KODAMBAKKAM,12,0
 2020-04-07,X,KODAMBAKKAM,19,0
 2020-04-08,X,KODAMBAKKAM,18,0
 2020-04-09,X,KODAMBAKKAM,19,0
 2020-04-10,X,KODAMBAKKAM,20,0
 2020-04-11,X,KODAMBAKKAM,21,0
 2020-04-12,X,KODAMBAKKAM,22,0
 2020-04-13,X,KODAMBAKKAM,22,0
 2020-04-14,X,KODAMBAKKAM,23,0
 2020-04-15,X,KODAMBAKKAM,24,0
 2020-04-16,X,KODAMBAKKAM,24,0
 2020-04-17,X,KODAMBAKKAM,26,0
 2020-04-18,X,KODAMBAKKAM,26,0
 2020-04-19,X,KODAMBAKKAM,29,0
 2020-04-20,X,KODAMBAKKAM,31,0
 2020-04-21,X,KODAMBAKKAM,35,0
 2020-04-22,X,KODAMBAKKAM,36,0
 2020-04-23,X,KODAMBAKKAM,36,0
 2020-04-24,X,KODAMBAKKAM,52,0
 2020-04-25,X,KODAMBAKKAM,53,0
 2020-04-26,X,KODAMBAKKAM,54,0
 2020-04-27,X,KODAMBAKKAM,54,0
 2020-04-28,X,KODAMBAKKAM,60,0
 2020-04-29,X,KODAMBAKKAM,63,0
 2020-04-30,X,KODAMBAKKAM,97,0
 2020-05-01,X,KODAMBAKKAM,116,1
 2020-05-02,X,KODAMBAKKAM,141,1
 2020-05-03,X,KODAMBAKKAM,199,1
 2020-05-04,X,KODAMBAKKAM,257,1
 2020-05-05,X,KODAMBAKKAM,327,2
 2020-05-06,X,KODAMBAKKAM,387,2
 2020-05-07,X,KODAMBAKKAM,461,2
 2020-05-08,X,KODAMBAKKAM,546,2
 2020-05-09,X,KODAMBAKKAM,563,2
 2020-05-10,X,KODAMBAKKAM,630,2
 2020-05-11,X,KODAMBAKKAM,713,2
 2020-05-12,X,KODAMBAKKAM,796,3
 2020-05-13,X,KODAMBAKKAM,835,3
 2020-05-14,X,KODAMBAKKAM,895,3
 2020-05-15,X,KODAMBAKKAM,919,4
 2020-05-16,X,KODAMBAKKAM,973,4
 2020-05-17,X,KODAMBAKKAM,1041,4
 2020-05-18,X,KODAMBAKKAM,1077,4
 2020-05-19,X,KODAMBAKKAM,1137,4
 2020-05-20,X,KODAMBAKKAM,1192,5
 2020-05-21,X,KODAMBAKKAM,1231,6
 2020-05-22,X,KODAMBAKKAM,1300,6
 2020-05-23,X,KODAMBAKKAM,1391,6
 2020-05-24,X,KODAMBAKKAM,1460,6
 2020-05-25,X,KODAMBAKKAM,1488,6
 2020-05-26,X,KODAMBAKKAM,1525,6
 2020-05-27,X,KODAMBAKKAM,1559,7
 2020-05-28,X,KODAMBAKKAM,1646,8
 2020-05-29,X,KODAMBAKKAM,1678,8
 2020-05-30,X,KODAMBAKKAM,1709,8
 2020-05-31,X,KODAMBAKKAM,1798,8
 2020-06-01,X,KODAMBAKKAM,1867,8
 2020-06-02,X,KODAMBAKKAM,1921,9
 2020-06-03,X,KODAMBAKKAM,2029,9
 2020-06-04,X,KODAMBAKKAM,2123,12
 2020-06-05,X,KODAMBAKKAM,2202,12
 2020-06-06,X,KODAMBAKKAM,2323,13
 2020-06-07,X,KODAMBAKKAM,2431,15
 2020-06-08,X,KODAMBAKKAM,2539,16
 2020-06-09,X,KODAMBAKKAM,2656,18
 2020-06-10,X,KODAMBAKKAM,2805,20
 2020-06-11,X,KODAMBAKKAM,2966,20
 2020-06-12,X,KODAMBAKKAM,3108,21
 2020-06-13,X,KODAMBAKKAM,3267,22
 2020-06-14,X,KODAMBAKKAM,3409,25
 2020-06-15,X,KODAMBAKKAM,3539,27
 2020-06-16,X,KODAMBAKKAM,3648,31
 2020-06-17,X,KODAMBAKKAM,3801,35
 2020-06-18,X,KODAMBAKKAM,3959,42
 2020-06-19,X,KODAMBAKKAM,4149,42
 2020-06-20,X,KODAMBAKKAM,4329,42
 2020-06-21,X,KODAMBAKKAM,4485,50
 2020-06-22,X,KODAMBAKKAM,4649,51
 2020-06-23,X,KODAMBAKKAM,4794,52
 2020-06-24,X,KODAMBAKKAM,4908,58
 2020-06-25,X,KODAMBAKKAM,5216,62
 2020-06-26,X,KODAMBAKKAM,5316,63
 2020-06-27,X,KODAMBAKKAM,5432,67
 2020-06-28,X,KODAMBAKKAM,5578,71
 2020-06-29,X,KODAMBAKKAM,5827,74
 2020-06-30,X,KODAMBAKKAM,6173,75
 2020-07-01,X,KODAMBAKKAM,6471,81
 2020-07-02,X,KODAMBAKKAM,6731,83
 2020-07-03,X,KODAMBAKKAM,6956,88
 2020-07-04,X,KODAMBAKKAM,7159,93
 2020-07-05,X,KODAMBAKKAM,7370,97
 2020-07-06,X,KODAMBAKKAM,7540,102
 2020-07-07,X,KODAMBAKKAM,7663,110
 2020-07-08,X,KODAMBAKKAM,7854,113
 2020-03-29,XI,VALASARAVAKKAM,2,0
 2020-04-03,XI,VALASARAVAKKAM,2,0
 2020-04-06,XI,VALASARAVAKKAM,4,0
 2020-04-07,XI,VALASARAVAKKAM,4,0
 2020-04-08,XI,VALASARAVAKKAM,4,0
 2020-04-09,XI,VALASARAVAKKAM,4,0
 2020-04-10,XI,VALASARAVAKKAM,4,0
 2020-04-11,XI,VALASARAVAKKAM,4,0
 2020-04-12,XI,VALASARAVAKKAM,4,0
 2020-04-13,XI,VALASARAVAKKAM,4,0
 2020-04-14,XI,VALASARAVAKKAM,5,0
 2020-04-15,XI,VALASARAVAKKAM,5,0
 2020-04-16,XI,VALASARAVAKKAM,5,0
 2020-04-17,XI,VALASARAVAKKAM,5,0
 2020-04-18,XI,VALASARAVAKKAM,5,0
 2020-04-19,XI,VALASARAVAKKAM,5,0
 2020-04-20,XI,VALASARAVAKKAM,5,0
 2020-04-21,XI,VALASARAVAKKAM,9,0
 2020-04-22,XI,VALASARAVAKKAM,10,0
 2020-04-23,XI,VALASARAVAKKAM,13,0
 2020-04-24,XI,VALASARAVAKKAM,13,0
 2020-04-25,XI,VALASARAVAKKAM,14,0
 2020-04-26,XI,VALASARAVAKKAM,17,0
 2020-04-27,XI,VALASARAVAKKAM,17,0
 2020-04-28,XI,VALASARAVAKKAM,26,0
 2020-04-29,XI,VALASARAVAKKAM,30,1
 2020-04-30,XI,VALASARAVAKKAM,40,1
 2020-05-01,XI,VALASARAVAKKAM,60,1
 2020-05-02,XI,VALASARAVAKKAM,77,1
 2020-05-03,XI,VALASARAVAKKAM,92,1
 2020-05-04,XI,VALASARAVAKKAM,114,1
 2020-05-05,XI,VALASARAVAKKAM,146,1
 2020-05-06,XI,VALASARAVAKKAM,176,1
 2020-05-07,XI,VALASARAVAKKAM,205,1
 2020-05-08,XI,VALASARAVAKKAM,256,1
 2020-05-09,XI,VALASARAVAKKAM,274,1
 2020-05-10,XI,VALASARAVAKKAM,319,1
 2020-05-11,XI,VALASARAVAKKAM,379,1
 2020-05-12,XI,VALASARAVAKKAM,426,1
 2020-05-13,XI,VALASARAVAKKAM,450,2
 2020-05-14,XI,VALASARAVAKKAM,461,2
 2020-05-15,XI,VALASARAVAKKAM,483,2
 2020-05-16,XI,VALASARAVAKKAM,494,2
 2020-05-17,XI,VALASARAVAKKAM,522,3
 2020-05-18,XI,VALASARAVAKKAM,532,3
 2020-05-19,XI,VALASARAVAKKAM,544,3
 2020-05-20,XI,VALASARAVAKKAM,570,3
 2020-05-21,XI,VALASARAVAKKAM,605,3
 2020-05-22,XI,VALASARAVAKKAM,650,3
 2020-05-23,XI,VALASARAVAKKAM,679,3
 2020-05-24,XI,VALASARAVAKKAM,703,4
 2020-05-25,XI,VALASARAVAKKAM,740,4
 2020-05-26,XI,VALASARAVAKKAM,758,4
 2020-05-27,XI,VALASARAVAKKAM,777,4
 2020-05-28,XI,VALASARAVAKKAM,794,4
 2020-05-29,XI,VALASARAVAKKAM,816,4
 2020-05-30,XI,VALASARAVAKKAM,846,3
 2020-05-31,XI,VALASARAVAKKAM,871,3
 2020-06-01,XI,VALASARAVAKKAM,890,3
 2020-06-02,XI,VALASARAVAKKAM,910,3
 2020-06-03,XI,VALASARAVAKKAM,939,3
 2020-06-04,XI,VALASARAVAKKAM,975,5
 2020-06-05,XI,VALASARAVAKKAM,996,5
 2020-06-06,XI,VALASARAVAKKAM,1043,6
 2020-06-07,XI,VALASARAVAKKAM,1054,6
 2020-06-08,XI,VALASARAVAKKAM,1088,6
 2020-06-09,XI,VALASARAVAKKAM,1136,6
 2020-06-10,XI,VALASARAVAKKAM,1170,6
 2020-06-11,XI,VALASARAVAKKAM,1217,6
 2020-06-12,XI,VALASARAVAKKAM,1268,6
 2020-06-13,XI,VALASARAVAKKAM,1338,6
 2020-06-14,XI,VALASARAVAKKAM,1395,8
 2020-06-15,XI,VALASARAVAKKAM,1413,8
 2020-06-16,XI,VALASARAVAKKAM,1444,9
 2020-06-17,XI,VALASARAVAKKAM,1497,11
 2020-06-18,XI,VALASARAVAKKAM,1571,12
 2020-06-19,XI,VALASARAVAKKAM,1638,14
 2020-06-20,XI,VALASARAVAKKAM,1667,14
 2020-06-21,XI,VALASARAVAKKAM,1719,19
 2020-06-22,XI,VALASARAVAKKAM,1784,18
 2020-06-23,XI,VALASARAVAKKAM,1880,18
 2020-06-24,XI,VALASARAVAKKAM,1957,18
 2020-06-25,XI,VALASARAVAKKAM,2058,20
 2020-06-26,XI,VALASARAVAKKAM,2201,21
 2020-06-27,XI,VALASARAVAKKAM,2310,23
 2020-06-28,XI,VALASARAVAKKAM,2460,23
 2020-06-29,XI,VALASARAVAKKAM,2601,26
 2020-06-30,XI,VALASARAVAKKAM,2724,28
 2020-07-01,XI,VALASARAVAKKAM,2755,28
 2020-07-02,XI,VALASARAVAKKAM,2890,30
 2020-07-03,XI,VALASARAVAKKAM,3008,32
 2020-07-04,XI,VALASARAVAKKAM,3128,32
 2020-07-05,XI,VALASARAVAKKAM,3212,33
 2020-07-06,XI,VALASARAVAKKAM,3390,34
 2020-07-07,XI,VALASARAVAKKAM,3424,35
 2020-07-08,XI,VALASARAVAKKAM,3470,36
 2020-03-29,XII,ALANDUR,1,0
 2020-04-03,XII,ALANDUR,1,0
 2020-04-06,XII,ALANDUR,2,0
 2020-04-07,XII,ALANDUR,2,0
 2020-04-08,XII,ALANDUR,2,0
 2020-04-09,XII,ALANDUR,2,0
 2020-04-10,XII,ALANDUR,2,0
 2020-04-11,XII,ALANDUR,2,0
 2020-04-12,XII,ALANDUR,2,0
 2020-04-13,XII,ALANDUR,2,0
 2020-04-14,XII,ALANDUR,2,0
 2020-04-15,XII,ALANDUR,3,0
 2020-04-16,XII,ALANDUR,3,0
 2020-04-17,XII,ALANDUR,3,0
 2020-04-18,XII,ALANDUR,3,0
 2020-04-19,XII,ALANDUR,5,0
 2020-04-20,XII,ALANDUR,5,0
 2020-04-21,XII,ALANDUR,7,0
 2020-04-22,XII,ALANDUR,7,0
 2020-04-23,XII,ALANDUR,9,0
 2020-04-24,XII,ALANDUR,9,0
 2020-04-25,XII,ALANDUR,9,0
 2020-04-26,XII,ALANDUR,9,0
 2020-04-27,XII,ALANDUR,9,0
 2020-04-28,XII,ALANDUR,9,0
 2020-04-29,XII,ALANDUR,9,0
 2020-04-30,XII,ALANDUR,9,0
 2020-05-01,XII,ALANDUR,9,0
 2020-05-02,XII,ALANDUR,10,0
 2020-05-03,XII,ALANDUR,10,0
 2020-05-04,XII,ALANDUR,10,0
 2020-05-05,XII,ALANDUR,11,0
 2020-05-06,XII,ALANDUR,14,0
 2020-05-07,XII,ALANDUR,16,0
 2020-05-08,XII,ALANDUR,19,0
 2020-05-09,XII,ALANDUR,25,0
 2020-05-10,XII,ALANDUR,29,0
 2020-05-11,XII,ALANDUR,46,0
 2020-05-12,XII,ALANDUR,57,0
 2020-05-13,XII,ALANDUR,61,0
 2020-05-14,XII,ALANDUR,67,0
 2020-05-15,XII,ALANDUR,71,0
 2020-05-16,XII,ALANDUR,77,0
 2020-05-17,XII,ALANDUR,80,0
 2020-05-18,XII,ALANDUR,84,0
 2020-05-19,XII,ALANDUR,84,0
 2020-05-20,XII,ALANDUR,90,0
 2020-05-21,XII,ALANDUR,96,0
 2020-05-22,XII,ALANDUR,100,0
 2020-05-23,XII,ALANDUR,107,0
 2020-05-24,XII,ALANDUR,121,0
 2020-05-25,XII,ALANDUR,132,0
 2020-05-26,XII,ALANDUR,157,0
 2020-05-27,XII,ALANDUR,165,0
 2020-05-28,XII,ALANDUR,178,0
 2020-05-29,XII,ALANDUR,188,0
 2020-05-30,XII,ALANDUR,195,0
 2020-05-31,XII,ALANDUR,215,2
 2020-06-01,XII,ALANDUR,229,3
 2020-06-02,XII,ALANDUR,243,3
 2020-06-03,XII,ALANDUR,261,4
 2020-06-04,XII,ALANDUR,289,5
 2020-06-05,XII,ALANDUR,314,5
 2020-06-06,XII,ALANDUR,364,5
 2020-06-07,XII,ALANDUR,400,5
 2020-06-08,XII,ALANDUR,412,6
 2020-06-09,XII,ALANDUR,483,7
 2020-06-10,XII,ALANDUR,521,7
 2020-06-11,XII,ALANDUR,555,7
 2020-06-12,XII,ALANDUR,587,7
 2020-06-13,XII,ALANDUR,593,7
 2020-06-14,XII,ALANDUR,624,7
 2020-06-15,XII,ALANDUR,670,8
 2020-06-16,XII,ALANDUR,699,9
 2020-06-17,XII,ALANDUR,736,11
 2020-06-18,XII,ALANDUR,781,11
 2020-06-19,XII,ALANDUR,808,11
 2020-06-20,XII,ALANDUR,840,11
 2020-06-21,XII,ALANDUR,880,11
 2020-06-22,XII,ALANDUR,965,11
 2020-06-23,XII,ALANDUR,978,11
 2020-06-24,XII,ALANDUR,1124,12
 2020-06-25,XII,ALANDUR,1149,12
 2020-06-26,XII,ALANDUR,1229,14
 2020-06-27,XII,ALANDUR,1300,15
 2020-06-28,XII,ALANDUR,1352,16
 2020-06-29,XII,ALANDUR,1431,16
 2020-06-30,XII,ALANDUR,1497,16
 2020-07-01,XII,ALANDUR,1523,18
 2020-07-02,XII,ALANDUR,1622,19
 2020-07-03,XII,ALANDUR,1650,19
 2020-07-04,XII,ALANDUR,1786,20
 2020-07-05,XII,ALANDUR,1815,20
 2020-07-06,XII,ALANDUR,1901,21
 2020-07-07,XII,ALANDUR,1936,21
 2020-07-08,XII,ALANDUR,1954,22
 2020-03-29,XIII,ADYAR,1,0
 2020-04-03,XIII,ADYAR,2,0
 2020-04-06,XIII,ADYAR,3,0
 2020-04-07,XIII,ADYAR,4,0
 2020-04-08,XIII,ADYAR,4,0
 2020-04-09,XIII,ADYAR,4,0
 2020-04-10,XIII,ADYAR,4,0
 2020-04-11,XIII,ADYAR,6,0
 2020-04-12,XIII,ADYAR,6,0
 2020-04-13,XIII,ADYAR,6,0
 2020-04-14,XIII,ADYAR,7,0
 2020-04-15,XIII,ADYAR,7,0
 2020-04-16,XIII,ADYAR,7,0
 2020-04-17,XIII,ADYAR,7,0
 2020-04-18,XIII,ADYAR,7,0
 2020-04-19,XIII,ADYAR,7,0
 2020-04-20,XIII,ADYAR,7,0
 2020-04-21,XIII,ADYAR,7,0
 2020-04-22,XIII,ADYAR,7,0
 2020-04-23,XIII,ADYAR,10,0
 2020-04-24,XIII,ADYAR,10,0
 2020-04-25,XIII,ADYAR,10,0
 2020-04-26,XIII,ADYAR,17,0
 2020-04-27,XIII,ADYAR,17,0
 2020-04-28,XIII,ADYAR,19,0
 2020-04-29,XIII,ADYAR,19,0
 2020-04-30,XIII,ADYAR,20,0
 2020-05-01,XIII,ADYAR,21,0
 2020-05-02,XIII,ADYAR,27,0
 2020-05-03,XIII,ADYAR,29,0
 2020-05-04,XIII,ADYAR,44,0
 2020-05-05,XIII,ADYAR,53,0
 2020-05-06,XIII,ADYAR,91,1
 2020-05-07,XIII,ADYAR,107,2
 2020-05-08,XIII,ADYAR,140,2
 2020-05-09,XIII,ADYAR,159,3
 2020-05-10,XIII,ADYAR,175,3
 2020-05-11,XIII,ADYAR,212,3
 2020-05-12,XIII,ADYAR,267,3
 2020-05-13,XIII,ADYAR,290,3
 2020-05-14,XIII,ADYAR,310,3
 2020-05-15,XIII,ADYAR,316,3
 2020-05-16,XIII,ADYAR,334,4
 2020-05-17,XIII,ADYAR,367,4
 2020-05-18,XIII,ADYAR,391,5
 2020-05-19,XIII,ADYAR,413,5
 2020-05-20,XIII,ADYAR,446,5
 2020-05-21,XIII,ADYAR,472,5
 2020-05-22,XIII,ADYAR,513,5
 2020-05-23,XIII,ADYAR,533,5
 2020-05-24,XIII,ADYAR,579,5
 2020-05-25,XIII,ADYAR,619,5
 2020-05-26,XIII,ADYAR,653,5
 2020-05-27,XIII,ADYAR,672,5
 2020-05-28,XIII,ADYAR,719,5
 2020-05-29,XIII,ADYAR,745,5
 2020-05-30,XIII,ADYAR,773,5
 2020-05-31,XIII,ADYAR,834,5
 2020-06-01,XIII,ADYAR,883,6
 2020-06-02,XIII,ADYAR,949,6
 2020-06-03,XIII,ADYAR,1007,6
 2020-06-04,XIII,ADYAR,1042,8
 2020-06-05,XIII,ADYAR,1094,9
 2020-06-06,XIII,ADYAR,1158,11
 2020-06-07,XIII,ADYAR,1274,11
 2020-06-08,XIII,ADYAR,1325,11
 2020-06-09,XIII,ADYAR,1411,11
 2020-06-10,XIII,ADYAR,1481,13
 2020-06-11,XIII,ADYAR,1534,13
 2020-06-12,XIII,ADYAR,1607,13
 2020-06-13,XIII,ADYAR,1725,13
 2020-06-14,XIII,ADYAR,1809,15
 2020-06-15,XIII,ADYAR,1885,17
 2020-06-16,XIII,ADYAR,1931,19
 2020-06-17,XIII,ADYAR,2069,22
 2020-06-18,XIII,ADYAR,2144,23
 2020-06-19,XIII,ADYAR,2204,23
 2020-06-20,XIII,ADYAR,2314,23
 2020-06-21,XIII,ADYAR,2435,26
 2020-06-22,XIII,ADYAR,2531,26
 2020-06-23,XIII,ADYAR,2684,29
 2020-06-24,XIII,ADYAR,2777,31
 2020-06-25,XIII,ADYAR,2922,32
 2020-06-26,XIII,ADYAR,3057,35
 2020-06-27,XIII,ADYAR,3202,39
 2020-06-28,XIII,ADYAR,3290,42
 2020-06-29,XIII,ADYAR,3445,44
 2020-06-30,XIII,ADYAR,3622,46
 2020-07-01,XIII,ADYAR,3695,50
 2020-07-02,XIII,ADYAR,3840,53
 2020-07-03,XIII,ADYAR,4007,57
 2020-07-04,XIII,ADYAR,4137,58
 2020-07-05,XIII,ADYAR,4274,58
 2020-07-06,XIII,ADYAR,4435,59
 2020-07-07,XIII,ADYAR,4490,61
 2020-07-08,XIII,ADYAR,4545,64
 2020-03-29,XIV,PERUNGUDI,0,0
 2020-04-03,XIV,PERUNGUDI,3,0
 2020-04-06,XIV,PERUNGUDI,4,0
 2020-04-07,XIV,PERUNGUDI,5,0
 2020-04-08,XIV,PERUNGUDI,5,0
 2020-04-09,XIV,PERUNGUDI,6,0
 2020-04-10,XIV,PERUNGUDI,6,0
 2020-04-11,XIV,PERUNGUDI,6,0
 2020-04-12,XIV,PERUNGUDI,6,0
 2020-04-13,XIV,PERUNGUDI,6,0
 2020-04-14,XIV,PERUNGUDI,7,0
 2020-04-15,XIV,PERUNGUDI,7,0
 2020-04-16,XIV,PERUNGUDI,7,0
 2020-04-17,XIV,PERUNGUDI,7,0
 2020-04-18,XIV,PERUNGUDI,7,0
 2020-04-19,XIV,PERUNGUDI,7,0
 2020-04-20,XIV,PERUNGUDI,7,0
 2020-04-21,XIV,PERUNGUDI,8,0
 2020-04-22,XIV,PERUNGUDI,8,0
 2020-04-23,XIV,PERUNGUDI,8,0
 2020-04-24,XIV,PERUNGUDI,8,0
 2020-04-25,XIV,PERUNGUDI,8,0
 2020-04-26,XIV,PERUNGUDI,8,0
 2020-04-27,XIV,PERUNGUDI,9,0
 2020-04-28,XIV,PERUNGUDI,9,0
 2020-04-29,XIV,PERUNGUDI,9,0
 2020-04-30,XIV,PERUNGUDI,9,0
 2020-05-01,XIV,PERUNGUDI,9,0
 2020-05-02,XIV,PERUNGUDI,10,0
 2020-05-03,XIV,PERUNGUDI,10,0
 2020-05-04,XIV,PERUNGUDI,12,0
 2020-05-05,XIV,PERUNGUDI,15,0
 2020-05-06,XIV,PERUNGUDI,20,0
 2020-05-07,XIV,PERUNGUDI,22,0
 2020-05-08,XIV,PERUNGUDI,32,0
 2020-05-09,XIV,PERUNGUDI,35,0
 2020-05-10,XIV,PERUNGUDI,36,0
 2020-05-11,XIV,PERUNGUDI,51,0
 2020-05-12,XIV,PERUNGUDI,54,0
 2020-05-13,XIV,PERUNGUDI,64,0
 2020-05-14,XIV,PERUNGUDI,72,0
 2020-05-15,XIV,PERUNGUDI,77,0
 2020-05-16,XIV,PERUNGUDI,80,0
 2020-05-17,XIV,PERUNGUDI,86,0
 2020-05-18,XIV,PERUNGUDI,92,0
 2020-05-19,XIV,PERUNGUDI,96,0
 2020-05-20,XIV,PERUNGUDI,103,0
 2020-05-21,XIV,PERUNGUDI,112,0
 2020-05-22,XIV,PERUNGUDI,137,0
 2020-05-23,XIV,PERUNGUDI,152,0
 2020-05-24,XIV,PERUNGUDI,168,0
 2020-05-25,XIV,PERUNGUDI,185,0
 2020-05-26,XIV,PERUNGUDI,203,0
 2020-05-27,XIV,PERUNGUDI,212,0
 2020-05-28,XIV,PERUNGUDI,217,0
 2020-05-29,XIV,PERUNGUDI,226,0
 2020-05-30,XIV,PERUNGUDI,241,0
 2020-05-31,XIV,PERUNGUDI,251,0
 2020-06-01,XIV,PERUNGUDI,263,0
 2020-06-02,XIV,PERUNGUDI,278,0
 2020-06-03,XIV,PERUNGUDI,301,0
 2020-06-04,XIV,PERUNGUDI,334,0
 2020-06-05,XIV,PERUNGUDI,365,0
 2020-06-06,XIV,PERUNGUDI,389,1
 2020-06-07,XIV,PERUNGUDI,415,1
 2020-06-08,XIV,PERUNGUDI,421,1
 2020-06-09,XIV,PERUNGUDI,450,1
 2020-06-10,XIV,PERUNGUDI,481,2
 2020-06-11,XIV,PERUNGUDI,515,2
 2020-06-12,XIV,PERUNGUDI,536,2
 2020-06-13,XIV,PERUNGUDI,551,2
 2020-06-14,XIV,PERUNGUDI,594,2
 2020-06-15,XIV,PERUNGUDI,630,5
 2020-06-16,XIV,PERUNGUDI,646,5
 2020-06-17,XIV,PERUNGUDI,684,6
 2020-06-18,XIV,PERUNGUDI,729,7
 2020-06-19,XIV,PERUNGUDI,762,7
 2020-06-20,XIV,PERUNGUDI,809,7
 2020-06-21,XIV,PERUNGUDI,854,10
 2020-06-22,XIV,PERUNGUDI,884,11
 2020-06-23,XIV,PERUNGUDI,899,11
 2020-06-24,XIV,PERUNGUDI,916,11
 2020-06-25,XIV,PERUNGUDI,928,12
 2020-06-26,XIV,PERUNGUDI,944,12
 2020-06-27,XIV,PERUNGUDI,967,13
 2020-06-28,XIV,PERUNGUDI,1166,14
 2020-06-29,XIV,PERUNGUDI,1290,16
 2020-06-30,XIV,PERUNGUDI,1456,17
 2020-07-01,XIV,PERUNGUDI,1566,17
 2020-07-02,XIV,PERUNGUDI,1630,17
 2020-07-03,XIV,PERUNGUDI,1684,19
 2020-07-04,XIV,PERUNGUDI,1734,21
 2020-07-05,XIV,PERUNGUDI,1785,22
 2020-07-06,XIV,PERUNGUDI,1826,24
 2020-07-07,XIV,PERUNGUDI,1843,25
 2020-07-08,XIV,PERUNGUDI,1899,25
 2020-03-29,XV,SOZHINGANALLUR,0,0
 2020-04-03,XV,SOZHINGANALLUR,1,0
 2020-04-06,XV,SOZHINGANALLUR,2,0
 2020-04-07,XV,SOZHINGANALLUR,2,0
 2020-04-08,XV,SOZHINGANALLUR,2,0
 2020-04-09,XV,SOZHINGANALLUR,2,0
 2020-04-10,XV,SOZHINGANALLUR,2,0
 2020-04-11,XV,SOZHINGANALLUR,2,0
 2020-04-12,XV,SOZHINGANALLUR,2,0
 2020-04-13,XV,SOZHINGANALLUR,2,0
 2020-04-14,XV,SOZHINGANALLUR,2,0
 2020-04-15,XV,SOZHINGANALLUR,2,0
 2020-04-16,XV,SOZHINGANALLUR,2,0
 2020-04-17,XV,SOZHINGANALLUR,2,0
 2020-04-18,XV,SOZHINGANALLUR,2,0
 2020-04-19,XV,SOZHINGANALLUR,2,0
 2020-04-20,XV,SOZHINGANALLUR,2,0
 2020-04-21,XV,SOZHINGANALLUR,2,0
 2020-04-22,XV,SOZHINGANALLUR,2,0
 2020-04-23,XV,SOZHINGANALLUR,2,0
 2020-04-24,XV,SOZHINGANALLUR,2,0
 2020-04-25,XV,SOZHINGANALLUR,2,0
 2020-04-26,XV,SOZHINGANALLUR,2,0
 2020-04-27,XV,SOZHINGANALLUR,2,0
 2020-04-28,XV,SOZHINGANALLUR,2,0
 2020-04-29,XV,SOZHINGANALLUR,2,0
 2020-04-30,XV,SOZHINGANALLUR,3,0
 2020-05-01,XV,SOZHINGANALLUR,3,0
 2020-05-02,XV,SOZHINGANALLUR,5,0
 2020-05-03,XV,SOZHINGANALLUR,6,0
 2020-05-04,XV,SOZHINGANALLUR,10,0
 2020-05-05,XV,SOZHINGANALLUR,13,0
 2020-05-06,XV,SOZHINGANALLUR,15,0
 2020-05-07,XV,SOZHINGANALLUR,15,0
 2020-05-08,XV,SOZHINGANALLUR,25,0
 2020-05-09,XV,SOZHINGANALLUR,25,0
 2020-05-10,XV,SOZHINGANALLUR,28,0
 2020-05-11,XV,SOZHINGANALLUR,52,0
 2020-05-12,XV,SOZHINGANALLUR,54,0
 2020-05-13,XV,SOZHINGANALLUR,64,0
 2020-05-14,XV,SOZHINGANALLUR,65,0
 2020-05-15,XV,SOZHINGANALLUR,74,0
 2020-05-16,XV,SOZHINGANALLUR,82,0
 2020-05-17,XV,SOZHINGANALLUR,95,0
 2020-05-18,XV,SOZHINGANALLUR,101,0
 2020-05-19,XV,SOZHINGANALLUR,109,0
 2020-05-20,XV,SOZHINGANALLUR,113,0
 2020-05-21,XV,SOZHINGANALLUR,130,0
 2020-05-22,XV,SOZHINGANALLUR,148,0
 2020-05-23,XV,SOZHINGANALLUR,160,0
 2020-05-24,XV,SOZHINGANALLUR,173,0
 2020-05-25,XV,SOZHINGANALLUR,184,0
 2020-05-26,XV,SOZHINGANALLUR,197,0
 2020-05-27,XV,SOZHINGANALLUR,208,0
 2020-05-28,XV,SOZHINGANALLUR,219,0
 2020-05-29,XV,SOZHINGANALLUR,233,0
 2020-05-30,XV,SOZHINGANALLUR,234,0
 2020-05-31,XV,SOZHINGANALLUR,255,0
 2020-06-01,XV,SOZHINGANALLUR,262,0
 2020-06-02,XV,SOZHINGANALLUR,279,0
 2020-06-03,XV,SOZHINGANALLUR,306,0
 2020-06-04,XV,SOZHINGANALLUR,339,0
 2020-06-05,XV,SOZHINGANALLUR,362,0
 2020-06-06,XV,SOZHINGANALLUR,366,0
 2020-06-07,XV,SOZHINGANALLUR,390,0
 2020-06-08,XV,SOZHINGANALLUR,420,0
 2020-06-09,XV,SOZHINGANALLUR,435,0
 2020-06-10,XV,SOZHINGANALLUR,469,0
 2020-06-11,XV,SOZHINGANALLUR,493,0
 2020-06-12,XV,SOZHINGANALLUR,527,0
 2020-06-13,XV,SOZHINGANALLUR,560,0
 2020-06-14,XV,SOZHINGANALLUR,586,0
 2020-06-15,XV,SOZHINGANALLUR,615,0
 2020-06-16,XV,SOZHINGANALLUR,639,0
 2020-06-17,XV,SOZHINGANALLUR,677,2
 2020-06-18,XV,SOZHINGANALLUR,707,3
 2020-06-19,XV,SOZHINGANALLUR,723,2
 2020-06-20,XV,SOZHINGANALLUR,732,2
 2020-06-21,XV,SOZHINGANALLUR,775,4
 2020-06-22,XV,SOZHINGANALLUR,808,4
 2020-06-23,XV,SOZHINGANALLUR,860,4
 2020-06-24,XV,SOZHINGANALLUR,894,5
 2020-06-25,XV,SOZHINGANALLUR,984,5
 2020-06-26,XV,SOZHINGANALLUR,1037,5
 2020-06-27,XV,SOZHINGANALLUR,1101,5
 2020-06-28,XV,SOZHINGANALLUR,1151,7
 2020-06-29,XV,SOZHINGANALLUR,1168,7
 2020-06-30,XV,SOZHINGANALLUR,1193,7
 2020-07-01,XV,SOZHINGANALLUR,1230,7
 2020-07-02,XV,SOZHINGANALLUR,1256,7
 2020-07-03,XV,SOZHINGANALLUR,1321,8
 2020-07-04,XV,SOZHINGANALLUR,1424,8
 2020-07-05,XV,SOZHINGANALLUR,1458,8
 2020-07-06,XV,SOZHINGANALLUR,1521,8
 2020-07-07,XV,SOZHINGANALLUR,1527,9
 2020-07-08,XV,SOZHINGANALLUR,1541,9
 2020-06-14,,OTHER DISTRICT,0,8
 2020-06-15,,OTHER DISTRICT,0,4
 2020-06-16,,OTHER DISTRICT,913,4
 2020-06-17,,OTHER DISTRICT,763,4
 2020-06-18,,OTHER DISTRICT,849,2
 2020-06-19,,OTHER DISTRICT,811,5
 2020-06-20,,OTHER DISTRICT,893,5
 2020-06-21,,OTHER DISTRICT,955,9
 2020-06-22,,OTHER DISTRICT,1093,10
 2020-06-23,,OTHER DISTRICT,1200,11
 2020-06-24,,OTHER DISTRICT,1138,11
 2020-06-25,,OTHER DISTRICT,1182,10
 2020-06-26,,OTHER DISTRICT,1305,9
 2020-06-27,,OTHER DISTRICT,1397,11
 2020-06-28,,OTHER DISTRICT,1481,10
 2020-06-29,,OTHER DISTRICT,1580,9
 2020-06-30,,OTHER DISTRICT,1580,10
 2020-07-01,,OTHER DISTRICT,1668,12
 2020-07-02,,OTHER DISTRICT,1757,13
 2020-07-03,,OTHER DISTRICT,1807,11
 2020-07-04,,OTHER DISTRICT,1852,13
 2020-07-05,,OTHER DISTRICT,1978,14
 2020-07-06,,OTHER DISTRICT,2023,11
 2020-07-07,,OTHER DISTRICT,2061,10
 2020-07-08,,OTHER DISTRICT,2117,12
